cover,speed,gust,humidity,pressure,radiation,precipitation,sunshine,mean,min,max
8,3.1,7.0,0.98,1.0251,0.06,0.17,0.0,5.6,4.1,6.9
7,3.8,9.0,0.95,1.0286,0.14,0.0,0.0,6.2,4.2,7.5
7,7.4,14.0,0.87,1.0236,0.15,0.02,0.9,6.8,6.1,7.9
8,7.2,15.0,0.92,1.0165,0.07,1.33,0.0,7.3,6.1,9.0
4,4.1,10.0,0.87,1.0205,0.44,0.0,6.2,5.2,0.6,8.4
6,5.3,12.0,0.86,1.0178,0.33,0.26,2.7,7.3,3.3,10.3
6,6.0,14.0,0.86,1.0223,0.32,0.0,3.3,6.6,4.6,7.8
7,4.8,11.0,0.91,1.0196,0.19,0.09,0.9,5.9,4.6,7.3
6,1.8,4.0,0.95,1.0261,0.36,0.0,3.4,4.0,-0.4,6.1
7,1.7,4.0,1.0,1.0366,0.21,0.0,0.0,-0.3,-3.1,2.1
3,3.5,8.0,0.92,1.0375,0.61,0.0,6.7,-0.2,-3.4,3.5
5,5.1,10.0,0.86,1.0299,0.52,0.0,7.2,0.4,-2.2,3.8
8,4.4,10.0,0.78,1.0188,0.21,0.0,2.1,1.9,0.7,3.3
8,2.7,6.0,0.93,1.0219,0.14,0.0,0.0,2.8,1.5,3.4
8,3.3,9.0,0.88,1.0341,0.1,0.0,0.7,2.4,0.4,5.1
8,2.5,7.0,0.96,1.0363,0.11,0.17,0.0,2.5,-0.8,5.0
8,4.5,10.0,0.96,1.0314,0.12,0.09,0.3,5.5,4.3,7.1
8,5.8,15.0,0.9,1.0269,0.13,0.17,0.2,5.7,3.8,7.7
7,3.5,7.0,0.86,1.0319,0.16,0.0,0.0,3.6,2.7,4.8
8,3.9,10.0,0.93,1.0309,0.13,0.04,0.0,3.3,2.4,4.4
8,4.1,12.0,0.94,1.0264,0.13,0.46,0.2,4.4,3.4,6.3
7,5.2,16.0,0.95,1.0128,0.15,0.53,0.0,3.2,1.9,5.1
7,4.4,11.0,0.9,1.0175,0.08,0.06,0.0,1.0,-4.4,3.4
2,1.5,4.0,0.79,1.0253,0.72,0.0,7.8,-3.4,-6.2,0.2
2,2.4,4.0,0.75,1.0297,0.69,0.0,7.3,-2.1,-5.9,2.4
7,4.1,8.0,0.76,1.0332,0.5,0.0,2.7,0.2,-3.9,2.4
2,4.7,8.0,0.7,1.0297,0.68,0.0,7.7,0.5,-2.7,3.2
7,7.6,18.0,0.74,1.0176,0.15,0.01,0.0,1.5,-2.6,5.1
8,11.8,21.0,0.93,1.0012,0.05,1.97,0.0,7.7,4.3,9.9
8,7.7,22.0,0.92,1.0129,0.1,1.44,0.0,9.0,7.0,10.3
8,9.3,20.0,0.85,1.0218,0.13,0.07,0.0,9.5,8.4,10.6
7,7.1,13.0,0.81,1.019,0.28,0.02,0.2,8.5,7.3,9.4
5,5.4,11.0,0.88,1.019,0.22,0.18,1.9,6.2,3.8,8.3
5,4.8,9.0,0.87,1.0328,0.49,0.0,3.2,5.2,3.0,7.4
8,8.0,14.0,0.89,1.0339,0.3,0.2,0.4,6.6,5.0,8.2
3,6.0,12.0,0.64,1.0294,0.72,0.0,7.4,8.4,4.5,13.6
7,6.1,13.0,0.76,1.0207,0.39,0.01,1.7,8.3,6.4,9.2
7,8.9,17.0,0.85,1.014,0.45,0.55,2.2,7.9,6.2,9.2
8,9.3,20.0,0.82,1.0071,0.16,1.12,0.7,9.2,3.9,12.1
6,6.8,19.0,0.76,1.0213,0.2,0.12,1.1,5.5,3.4,7.4
7,7.4,19.0,0.82,1.0194,0.5,0.76,3.9,5.9,2.8,9.1
0,3.8,8.0,0.84,1.0289,0.95,0.0,8.5,2.9,-0.6,7.5
5,7.3,18.0,0.84,1.0219,0.66,0.24,4.4,4.1,0.2,7.5
5,5.0,13.0,0.8,1.0193,0.56,0.12,3.7,5.4,1.6,8.6
4,4.9,12.0,0.85,1.0214,0.95,0.26,7.3,4.2,-1.8,8.0
8,4.9,11.0,0.91,1.0135,0.28,0.38,0.5,7.0,5.0,8.3
6,6.5,24.0,0.86,1.0025,0.48,0.64,3.4,2.7,-0.5,6.1
6,5.0,14.0,0.81,1.0092,0.71,0.07,3.5,2.6,0.6,6.3
8,5.8,16.0,0.91,1.0036,0.16,0.88,0.0,4.2,0.1,7.6
7,5.7,14.0,0.88,1.0091,0.48,0.41,1.5,4.6,2.0,7.1
4,2.8,8.0,0.87,1.0277,0.69,0.02,2.4,2.1,-1.1,6.0
7,3.7,8.0,0.85,1.0286,0.79,0.0,4.2,2.9,-1.8,6.5
7,2.5,7.0,0.84,1.0253,0.76,0.05,3.1,4.1,1.6,7.6
7,3.8,11.0,0.8,1.0246,0.91,0.0,4.8,6.3,1.1,10.7
8,5.2,13.0,0.91,1.022,0.24,0.86,0.4,7.8,5.0,10.2
4,5.3,18.0,0.8,1.0256,0.82,0.59,4.4,6.1,-0.1,11.4
2,2.7,8.0,0.78,1.0318,1.18,0.0,8.0,3.0,-1.1,8.2
4,5.5,14.0,0.69,1.023,1.22,0.0,9.0,8.0,-0.4,14.3
6,8.2,18.0,0.81,1.0139,0.19,0.84,0.8,9.0,5.0,13.7
6,8.4,20.0,0.85,1.0074,0.63,0.12,1.5,6.4,4.1,8.8
7,4.8,15.0,0.89,1.006,0.66,0.63,2.2,4.8,2.2,7.4
6,7.6,19.0,0.82,1.0187,0.79,0.06,3.3,4.2,-0.3,7.0
7,9.1,22.0,0.92,1.0065,0.18,1.16,0.2,5.4,2.1,9.2
6,4.3,18.0,0.94,1.0226,0.96,0.3,4.1,1.2,-0.7,4.5
6,4.0,11.0,0.81,1.0323,0.91,0.06,3.9,2.9,-2.8,6.5
5,6.8,14.0,0.68,1.0287,1.3,0.0,7.4,6.3,0.8,9.5
8,8.0,17.0,0.85,1.0239,0.42,0.34,0.4,8.3,6.0,11.5
8,8.6,16.0,0.93,1.0213,0.14,0.52,0.4,10.1,7.8,11.4
8,6.2,15.0,0.89,1.0227,0.2,0.2,0.0,10.7,8.8,12.3
8,4.1,14.0,0.9,1.0255,0.37,0.02,0.0,8.1,5.9,11.1
7,5.6,14.0,0.86,1.0196,0.4,0.14,0.3,8.2,6.1,10.0
7,1.9,5.0,0.82,1.0266,0.66,0.0,0.7,7.0,5.3,9.8
7,4.2,10.0,0.85,1.0256,0.83,0.0,2.3,7.9,2.6,10.9
7,5.6,15.0,0.89,1.0209,0.29,0.27,0.0,8.2,3.7,12.3
6,4.5,11.0,0.73,1.03,1.2,0.0,5.8,5.1,1.3,8.3
8,4.1,11.0,0.91,1.0305,0.27,0.0,0.0,7.7,5.5,9.7
8,4.1,10.0,0.88,1.0298,0.34,0.03,0.0,7.5,5.1,10.6
8,4.3,12.0,0.88,1.0294,0.46,0.12,0.7,6.1,3.3,8.3
7,2.3,7.0,0.94,1.0332,0.38,0.01,1.2,3.8,0.8,6.3
5,1.6,5.0,0.84,1.0295,1.61,0.0,7.2,4.1,-0.7,9.9
2,2.1,5.0,0.8,1.0228,1.78,0.0,10.8,6.3,0.4,12.4
1,2.6,7.0,0.65,1.017,1.82,0.0,10.7,9.8,1.1,16.2
6,2.6,7.0,0.68,1.0132,1.42,0.0,7.9,9.9,2.3,15.4
8,3.5,9.0,0.89,1.0093,0.33,0.38,0.0,9.9,7.9,11.3
7,4.8,11.0,0.86,1.0127,0.85,0.11,2.5,9.4,6.7,12.4
6,3.1,16.0,0.89,1.0093,1.22,1.08,5.4,6.1,3.2,10.4
7,3.1,10.0,0.92,1.0096,1.1,0.15,1.6,5.6,2.5,8.1
8,5.2,10.0,0.93,1.0157,0.32,0.17,0.0,3.4,2.3,5.0
8,6.0,13.0,0.94,1.0123,0.39,0.03,0.0,5.4,2.6,7.0
8,4.2,10.0,0.97,1.0096,0.18,0.21,0.0,6.1,5.2,6.8
8,2.0,5.0,0.94,1.007,0.49,0.0,0.0,5.7,2.8,7.8
7,3.1,9.0,0.9,1.0045,0.91,0.14,2.0,6.1,3.9,9.0
7,4.3,9.0,0.72,1.0012,1.7,0.02,6.8,10.2,6.1,14.6
6,3.5,14.0,0.74,0.9908,0.73,0.01,0.8,10.7,4.6,15.0
6,4.1,10.0,0.76,0.9923,1.71,0.04,6.6,10.8,6.5,16.7
7,6.8,13.0,0.76,1.0108,0.75,0.05,0.6,4.7,1.1,7.1
1,4.1,11.0,0.64,1.0287,2.44,0.0,12.2,4.7,-1.7,10.0
2,2.5,8.0,0.66,1.0324,2.37,0.0,12.1,6.9,0.9,12.3
5,2.0,5.0,0.61,1.0233,1.91,0.0,8.1,8.3,0.2,13.2
6,6.0,13.0,0.6,1.0123,2.07,0.0,10.3,10.4,5.8,15.0
1,4.3,11.0,0.66,1.0102,2.42,0.0,12.3,7.3,2.4,12.5
5,3.2,12.0,0.65,0.9957,1.95,0.01,7.0,7.9,1.8,13.1
6,6.9,17.0,0.72,0.9903,1.63,0.2,5.2,6.8,4.3,10.3
6,7.6,19.0,0.81,0.9944,0.79,0.59,1.7,6.2,3.5,9.7
7,3.8,9.0,0.78,0.9998,1.78,0.12,4.9,8.3,4.1,12.7
7,7.6,21.0,0.79,0.9958,1.17,0.4,2.3,9.1,6.5,13.8
5,5.1,14.0,0.67,0.9994,2.22,0.0,7.5,9.6,5.5,15.6
7,6.6,18.0,0.75,1.0011,1.52,0.28,4.2,10.7,8.2,14.5
7,4.5,11.0,0.74,1.0086,1.65,0.0,3.9,10.3,7.2,14.6
5,4.2,10.0,0.76,1.0107,1.6,0.0,5.4,11.3,5.4,16.5
6,3.7,10.0,0.65,1.0134,2.24,0.0,8.2,13.5,6.0,19.4
6,3.9,12.0,0.59,1.0148,2.36,0.0,10.6,15.0,9.9,19.9
7,3.2,11.0,0.75,1.0107,1.32,1.11,1.8,15.0,9.3,22.0
8,2.5,8.0,0.97,1.0096,0.68,0.93,0.1,12.1,9.1,14.1
5,2.6,7.0,0.79,1.0137,2.03,0.04,5.9,11.9,8.7,16.8
4,3.8,11.0,0.66,1.0116,2.81,0.0,13.5,14.1,6.2,20.5
5,3.6,12.0,0.7,1.0086,2.16,0.0,7.7,16.5,10.3,23.0
7,2.9,8.0,0.79,1.009,1.62,0.0,4.0,16.6,11.2,21.3
6,3.3,9.0,0.77,1.0061,2.11,0.0,6.5,17.3,10.9,23.0
8,3.0,8.0,0.93,1.0161,0.42,0.41,0.0,12.3,11.2,14.4
6,2.3,6.0,0.89,1.021,1.53,0.0,2.6,14.0,11.1,17.6
7,3.3,9.0,0.86,1.021,1.25,0.0,1.8,14.7,12.2,18.2
8,4.5,10.0,0.96,1.0211,0.41,0.01,0.0,11.8,10.4,13.8
8,2.8,6.0,1.0,1.0197,0.32,0.3,0.0,11.4,9.9,12.8
6,2.5,6.0,0.88,1.0183,1.34,0.46,4.6,14.5,11.9,19.1
2,4.0,11.0,0.71,1.0142,2.71,0.0,12.3,17.8,9.8,23.9
3,4.0,11.0,0.68,1.0127,2.54,0.0,8.5,19.0,13.7,25.3
5,1.9,7.0,0.77,1.0145,1.72,0.0,5.2,17.5,10.7,22.8
4,1.7,13.0,0.81,1.0172,2.02,2.91,7.8,17.4,12.0,26.6
2,1.5,5.0,0.7,1.0172,2.89,0.0,13.6,19.7,11.8,25.8
5,2.5,10.0,0.76,1.0157,1.78,0.1,7.0,19.3,13.7,26.3
6,3.0,8.0,0.79,1.0167,1.82,0.05,4.3,18.5,14.9,23.9
6,2.8,8.0,0.84,1.0191,1.89,0.0,3.8,18.2,14.4,23.0
4,1.8,6.0,0.73,1.0214,2.42,0.0,9.6,19.2,14.9,24.3
0,1.6,5.0,0.57,1.0224,3.02,0.0,14.0,20.5,12.3,28.2
4,2.0,7.0,0.49,1.0188,3.07,0.0,13.6,22.0,13.1,28.5
4,3.3,10.0,0.58,1.0131,2.83,0.0,10.8,22.5,15.3,29.4
6,5.5,15.0,0.72,1.0121,1.85,0.21,4.1,15.0,11.9,18.0
6,5.6,16.0,0.78,1.0083,1.63,0.33,4.0,11.3,7.7,15.2
7,5.4,16.0,0.89,1.0082,0.97,0.83,0.9,9.4,7.2,13.7
5,3.2,9.0,0.75,1.0121,1.82,0.02,4.1,11.0,7.1,15.9
7,3.9,11.0,0.86,1.0076,0.99,0.62,1.1,10.6,7.7,13.7
7,4.0,9.0,0.87,1.0155,1.06,0.41,0.4,11.6,9.2,14.3
7,4.8,12.0,0.72,1.0178,1.95,0.0,4.8,15.2,8.9,19.6
8,3.5,9.0,0.93,1.0139,0.77,1.33,0.0,14.4,13.0,16.4
7,6.3,15.0,0.76,1.0117,1.5,0.2,4.1,13.9,9.5,16.8
6,4.1,14.0,0.65,1.0124,2.42,0.0,5.3,15.2,7.6,20.3
6,8.0,20.0,0.6,1.0107,2.19,0.04,6.5,13.1,10.6,17.2
6,8.9,29.0,0.76,1.0046,2.01,0.74,5.1,10.9,7.9,14.8
5,5.7,14.0,0.74,1.0134,2.37,0.46,7.3,10.7,6.8,14.6
7,2.8,6.0,0.84,1.0143,1.43,0.29,1.8,10.3,5.7,14.5
5,1.8,6.0,0.69,1.019,2.87,0.0,11.3,13.8,9.2,18.4
4,5.2,13.0,0.73,1.0201,2.57,0.0,7.4,16.8,11.5,23.3
2,2.7,9.0,0.74,1.0187,3.28,0.0,14.0,19.2,11.7,25.4
6,3.3,12.0,0.76,1.0166,2.67,1.02,7.7,20.8,14.6,28.2
7,3.9,10.0,0.79,1.0171,1.92,0.0,5.1,18.4,14.8,22.6
8,3.7,20.0,0.9,1.0164,0.44,1.24,0.0,13.1,10.9,15.1
7,4.5,10.0,0.81,1.0195,1.81,0.02,3.5,13.7,10.8,18.5
4,4.2,10.0,0.69,1.0232,2.54,0.0,9.2,13.8,9.0,17.8
1,3.4,12.0,0.62,1.0185,3.34,0.0,14.6,16.7,7.5,22.9
2,4.3,13.0,0.59,1.0113,3.2,0.0,13.6,23.2,12.9,30.0
7,2.6,8.0,0.78,1.0156,1.33,0.0,1.4,17.8,15.3,20.4
5,3.0,8.0,0.63,1.0189,2.87,0.0,9.5,16.6,12.2,21.3
4,4.5,11.0,0.73,1.026,3.17,0.0,12.6,16.8,9.6,22.8
2,3.6,10.0,0.72,1.0249,3.36,0.0,13.8,20.2,14.0,26.1
7,4.7,11.0,0.82,1.0241,1.42,0.0,1.9,17.7,13.7,21.8
5,4.3,11.0,0.78,1.0246,1.36,0.23,4.8,15.9,11.4,19.6
4,2.6,9.0,0.61,1.0285,3.0,0.0,9.9,14.4,10.4,19.0
1,2.6,6.0,0.53,1.0296,3.52,0.0,15.2,15.5,8.1,21.5
1,2.3,5.0,0.48,1.0251,3.34,0.0,14.5,22.1,12.3,30.0
0,3.8,11.0,0.48,1.0186,3.38,0.0,15.0,25.9,16.5,32.5
1,4.0,12.0,0.48,1.0135,3.33,0.0,13.9,26.9,19.1,33.3
5,4.3,11.0,0.69,1.0135,1.89,0.38,4.2,21.9,17.6,26.4
6,5.6,15.0,0.65,1.0154,2.62,0.01,5.9,17.9,14.7,21.4
7,6.4,14.0,0.72,1.017,1.38,0.04,1.5,15.9,13.6,18.8
7,4.8,11.0,0.85,1.0161,1.24,0.54,2.1,12.5,10.7,16.3
7,3.9,10.0,0.82,1.0195,1.72,0.35,2.1,12.7,10.6,16.2
5,3.6,11.0,0.67,1.0243,2.23,0.0,5.9,12.6,9.3,17.4
3,2.5,9.0,0.63,1.0233,3.23,0.0,12.9,13.3,5.8,19.0
4,2.9,7.0,0.63,1.0201,2.31,0.0,7.4,13.1,7.7,18.2
6,2.7,10.0,0.72,1.0203,2.02,0.0,3.2,12.6,7.7,17.4
7,1.5,4.0,0.79,1.0156,1.3,0.01,1.0,15.2,12.1,19.4
7,2.2,8.0,0.81,1.0101,1.82,0.13,5.5,17.9,14.2,23.2
6,2.2,14.0,0.77,1.01,2.27,1.6,6.0,20.4,15.2,26.6
6,2.2,6.0,0.85,1.0095,1.56,0.06,3.2,18.4,14.8,22.1
7,3.9,12.0,0.84,1.0062,1.72,1.87,1.8,17.3,12.7,22.1
7,5.8,15.0,0.83,1.0134,1.97,0.27,4.7,16.1,13.4,21.2
7,2.4,6.0,0.8,1.0188,1.64,0.0,3.9,17.0,14.4,20.5
8,5.5,15.0,0.86,1.0137,0.43,1.39,0.0,13.9,11.1,15.2
7,4.0,11.0,0.83,1.016,1.31,0.2,2.2,12.2,8.5,15.7
8,6.3,14.0,0.9,1.0023,0.82,0.64,0.0,13.5,11.8,15.3
7,8.1,17.0,0.81,0.9931,1.98,0.24,5.6,14.4,11.9,17.6
8,5.2,16.0,0.93,1.0008,0.51,3.59,0.5,12.3,10.7,15.3
5,3.7,8.0,0.89,1.0149,0.93,0.18,3.6,10.5,7.2,13.3
8,4.6,11.0,0.9,1.0113,0.71,0.18,0.0,13.7,10.5,16.6
7,4.0,11.0,0.9,1.0075,1.19,1.11,1.8,13.2,10.9,16.0
7,3.4,10.0,0.88,1.0107,1.55,0.48,3.4,12.0,10.1,15.3
7,2.8,8.0,0.9,1.0149,0.93,1.05,2.0,13.2,10.7,16.2
7,2.9,8.0,0.82,1.0194,1.53,0.0,2.0,14.1,11.8,17.5
6,3.4,9.0,0.72,1.0197,2.52,0.0,7.3,15.0,11.7,20.2
6,2.6,8.0,0.79,1.0204,1.3,0.05,1.4,15.4,12.0,19.3
4,3.3,9.0,0.7,1.0213,2.58,0.0,9.1,17.5,12.3,21.8
4,3.1,8.0,0.76,1.0236,2.95,0.0,9.8,15.8,12.1,21.1
6,2.0,5.0,0.86,1.0203,1.0,0.0,1.4,14.1,11.0,17.9
5,3.2,9.0,0.82,1.014,2.37,0.0,7.6,17.1,11.8,22.5
7,5.1,12.0,0.9,1.0036,0.66,1.16,0.2,16.5,14.6,19.9
8,4.6,11.0,0.95,1.0057,0.3,1.51,0.0,14.9,14.2,16.1
8,1.8,5.0,0.91,1.011,0.61,0.0,0.0,14.6,12.7,16.7
6,3.0,15.0,0.89,1.0142,1.14,0.98,1.1,16.0,11.1,21.1
7,3.5,10.0,0.86,1.0143,2.0,1.38,4.2,16.3,13.7,21.0
7,3.6,11.0,0.9,1.0169,1.03,0.11,1.0,15.6,13.2,19.6
5,3.8,12.0,0.89,1.0224,1.49,0.03,3.1,15.5,12.1,22.0
4,1.8,5.0,0.77,1.0236,2.72,0.0,9.2,18.8,13.8,24.8
3,3.4,10.0,0.64,1.018,2.79,0.0,10.5,22.3,15.4,28.1
5,4.7,12.0,0.7,1.0166,2.52,0.11,8.6,18.3,15.3,22.3
5,4.3,11.0,0.76,1.017,2.14,0.0,5.6,16.9,13.2,22.3
5,2.0,6.0,0.8,1.0209,1.44,0.02,2.2,16.5,11.5,21.1
4,2.1,7.0,0.8,1.0238,2.12,0.0,7.5,17.1,12.2,23.1
6,2.6,8.0,0.77,1.0228,2.15,0.0,4.6,18.2,12.5,24.6
7,2.3,6.0,0.79,1.0223,1.72,0.0,3.2,19.1,16.0,24.0
6,2.3,8.0,0.81,1.0207,1.87,0.24,4.4,18.5,14.8,23.8
4,1.6,6.0,0.78,1.0202,2.49,0.0,8.9,19.2,13.1,24.5
6,4.4,12.0,0.77,1.0164,2.04,0.0,5.6,19.4,16.6,22.9
4,2.5,7.0,0.7,1.0156,2.52,0.0,10.4,19.4,14.2,25.2
2,1.4,6.0,0.72,1.0149,2.47,0.0,11.4,20.1,13.3,26.4
0,2.0,5.0,0.65,1.0172,2.44,0.0,11.3,22.6,14.0,29.3
5,3.4,11.0,0.71,1.0183,2.1,0.06,6.7,23.0,18.8,27.7
7,3.3,8.0,0.81,1.0196,1.03,0.1,2.1,19.2,13.4,22.0
7,3.4,10.0,0.76,1.0161,1.57,0.59,3.1,18.6,13.3,23.2
6,4.1,11.0,0.77,1.0135,1.89,0.3,6.0,18.7,13.5,23.1
7,2.0,5.0,0.7,1.014,1.92,0.36,4.8,18.5,12.2,23.9
7,2.9,9.0,0.87,1.0123,1.49,0.5,3.4,19.0,16.2,23.1
7,1.7,8.0,0.87,1.012,1.04,1.47,1.8,19.1,17.0,22.3
7,2.2,10.0,0.8,1.0153,1.88,0.38,4.5,16.0,12.6,19.9
4,2.2,6.0,0.72,1.0206,2.48,0.0,10.1,16.4,11.7,22.2
2,3.3,8.0,0.74,1.0231,2.41,0.0,11.5,16.6,11.0,22.3
1,2.0,6.0,0.7,1.0233,2.37,0.0,11.7,18.3,11.2,24.8
2,3.5,8.0,0.75,1.0215,2.47,0.0,12.4,17.3,10.4,22.7
4,4.1,9.0,0.71,1.0115,2.4,0.0,11.8,20.8,12.6,29.0
6,2.8,11.0,0.87,1.0154,1.08,0.82,3.1,17.2,14.4,21.6
4,3.4,9.0,0.75,1.0197,2.0,0.0,8.5,16.0,11.4,20.6
5,2.7,8.0,0.71,1.0203,2.04,0.0,7.5,16.3,11.1,21.0
5,2.3,6.0,0.74,1.0175,2.09,0.0,8.7,15.8,11.0,20.7
3,2.0,5.0,0.73,1.0116,2.32,0.0,10.6,15.7,10.0,21.8
7,4.9,13.0,0.79,1.0046,0.97,0.35,2.6,15.6,12.1,19.2
7,5.0,17.0,0.9,1.0048,0.89,0.82,1.5,13.7,12.4,17.0
7,3.3,8.0,0.79,1.0143,1.08,0.01,2.8,14.1,12.3,17.2
7,3.0,7.0,0.81,1.0214,1.17,0.08,1.4,13.7,11.8,16.2
6,3.2,8.0,0.74,1.0227,1.88,0.0,6.7,14.6,11.2,18.5
7,5.5,13.0,0.88,1.012,0.36,0.51,0.0,14.2,12.3,15.7
6,4.2,10.0,0.78,1.0158,1.4,0.0,4.9,14.5,11.1,17.6
7,5.3,11.0,0.83,1.0209,1.41,0.0,3.0,17.5,13.4,21.2
5,2.3,8.0,0.81,1.0241,1.44,0.0,5.0,19.2,16.1,23.5
2,1.5,5.0,0.79,1.0228,1.73,0.0,7.7,19.3,13.6,25.2
2,2.7,7.0,0.76,1.0169,2.03,0.0,10.9,19.9,14.2,25.9
6,3.6,8.0,0.79,1.0113,1.42,0.0,4.3,20.4,16.6,27.1
7,3.7,8.0,0.84,1.0138,0.79,0.0,1.1,16.4,13.8,19.5
5,2.4,6.0,0.8,1.0155,1.27,0.0,4.0,17.0,12.8,21.9
6,3.0,17.0,0.82,1.0107,1.27,1.14,4.7,17.9,12.4,23.9
8,6.3,14.0,0.93,1.0056,0.15,3.59,0.0,13.9,12.5,16.2
7,2.9,8.0,0.96,1.0109,0.21,0.41,0.0,14.0,11.1,15.7
3,3.3,8.0,0.83,1.0078,1.72,0.0,7.8,14.9,10.8,20.2
3,4.3,10.0,0.74,1.0022,1.9,0.0,10.7,17.7,11.2,23.3
8,1.8,7.0,0.9,1.0068,0.26,0.75,0.0,14.2,11.8,16.5
6,2.3,7.0,0.82,1.0165,1.41,0.0,6.0,14.0,9.8,19.5
4,2.5,7.0,0.81,1.0225,1.59,0.0,7.3,16.0,9.5,20.8
3,3.9,10.0,0.81,1.0221,1.78,0.0,10.5,14.9,10.3,19.4
6,3.3,9.0,0.78,1.0175,1.74,0.0,10.6,15.6,8.9,21.7
5,2.5,7.0,0.76,1.0217,1.49,0.0,8.0,16.0,12.7,19.8
4,3.3,9.0,0.75,1.0181,1.59,0.0,7.4,18.0,14.0,23.4
6,4.2,10.0,0.79,1.0152,1.03,0.0,3.9,16.5,14.3,20.1
8,4.0,10.0,0.81,1.0061,0.25,0.39,0.2,16.9,15.5,18.3
7,3.1,10.0,0.74,1.003,0.93,0.0,1.9,18.5,15.0,23.3
8,2.5,6.0,0.89,1.006,0.49,0.5,0.1,14.9,13.3,17.0
6,2.7,7.0,0.93,1.0065,0.53,1.97,3.2,13.2,10.6,16.1
6,4.5,10.0,0.86,1.0081,0.87,0.05,3.5,12.9,10.2,16.5
5,3.3,8.0,0.82,1.0213,1.23,0.01,6.0,12.9,9.7,17.3
7,3.1,8.0,0.88,1.0209,0.52,0.05,0.8,12.6,9.6,15.4
7,3.4,13.0,0.89,1.0176,0.49,0.24,0.9,12.6,8.7,15.8
6,3.5,11.0,0.86,1.023,0.97,0.07,3.4,8.7,5.3,13.1
3,2.6,6.0,0.85,1.0239,0.85,0.15,3.2,7.4,3.5,12.3
7,4.5,11.0,0.89,1.0157,0.38,0.55,0.0,10.2,6.5,11.8
5,4.0,12.0,0.82,1.0075,1.09,0.14,6.2,10.2,6.2,13.5
6,8.8,20.0,0.8,0.9891,0.85,0.32,4.3,9.4,7.4,11.0
5,8.1,23.0,0.76,0.9821,0.86,0.39,4.9,10.8,8.7,13.5
5,5.3,14.0,0.74,0.9973,1.02,0.0,4.9,11.8,9.1,15.6
5,3.8,9.0,0.82,1.0109,0.76,0.0,2.9,10.9,6.0,14.5
3,2.2,6.0,0.89,1.0169,1.13,0.0,7.3,10.0,4.0,15.1
8,2.7,7.0,0.98,1.0097,0.23,0.02,0.0,10.0,8.3,11.4
7,5.3,15.0,0.9,1.0074,0.4,0.43,0.9,12.3,10.2,15.7
4,4.3,9.0,0.83,1.0231,1.01,0.0,5.5,9.9,4.9,13.7
8,4.1,9.0,0.82,1.0221,0.4,0.07,0.0,10.4,5.1,12.2
6,3.3,9.0,0.89,1.019,0.44,1.27,2.2,11.5,7.0,15.5
5,2.9,6.0,0.87,1.0185,0.95,0.0,6.3,11.7,7.2,17.0
7,3.8,9.0,0.79,1.0211,0.55,0.0,1.7,15.3,12.1,18.6
2,3.3,9.0,0.77,1.0258,1.04,0.0,8.3,15.1,9.5,21.0
6,5.2,13.0,0.81,1.0202,0.79,0.18,4.1,14.9,10.4,19.7
7,7.3,15.0,0.8,1.019,0.56,0.0,1.3,12.1,10.7,13.9
7,8.5,18.0,0.85,1.0105,0.14,0.42,0.0,11.9,9.8,13.8
5,6.5,13.0,0.77,1.0136,0.62,0.0,4.3,10.6,8.9,13.3
8,6.6,14.0,0.89,1.0165,0.19,0.52,0.0,10.4,8.8,12.5
8,6.1,17.0,0.85,1.0119,0.39,0.38,0.2,12.4,9.7,14.8
5,9.4,23.0,0.76,1.0088,0.62,0.24,3.6,10.2,7.2,12.8
8,11.5,27.0,0.8,0.9932,0.12,0.68,0.0,10.2,7.3,13.3
6,8.5,19.0,0.81,0.996,0.32,0.09,1.8,9.0,7.1,11.5
5,7.3,20.0,0.84,1.0006,0.34,0.45,1.6,7.8,5.3,11.0
4,6.3,15.0,0.82,0.9976,0.51,0.27,3.0,9.1,5.3,13.3
5,5.1,11.0,0.82,0.9985,0.5,0.0,3.1,8.3,6.3,10.9
5,5.0,10.0,0.87,1.0088,0.26,0.05,0.8,6.7,4.5,8.6
6,5.5,10.0,0.8,1.0068,0.71,0.0,5.5,6.9,4.8,10.1
7,7.1,19.0,0.74,0.9818,0.31,0.08,0.7,10.1,7.7,12.1
7,6.2,14.0,0.82,0.9807,0.2,0.17,0.2,8.6,5.6,9.6
7,6.7,14.0,0.88,0.9909,0.17,0.29,0.0,8.0,7.2,9.3
6,7.8,15.0,0.82,1.0052,0.37,0.07,1.7,7.9,6.0,9.4
5,6.5,14.0,0.79,1.0167,0.57,0.0,4.2,6.6,4.4,9.1
6,7.2,14.0,0.76,1.0168,0.53,0.0,4.3,7.6,4.9,10.5
7,7.0,16.0,0.79,1.0027,0.22,0.61,0.0,9.6,7.2,11.5
7,3.5,8.0,0.87,1.0006,0.35,0.03,0.9,8.4,5.5,10.4
6,3.5,8.0,0.85,1.0064,0.45,0.0,3.0,7.2,4.7,9.3
4,5.1,13.0,0.85,1.0116,0.44,0.04,2.6,6.5,4.3,9.7
6,6.8,13.0,0.82,1.0092,0.35,0.18,0.9,7.6,5.1,9.6
4,4.9,10.0,0.88,1.0119,0.31,0.0,2.1,4.6,1.9,7.0
6,7.3,16.0,0.83,1.0109,0.51,0.0,2.7,6.2,3.9,8.4
7,6.7,15.0,0.85,0.9987,0.19,0.09,0.5,8.5,6.5,10.1
7,5.5,18.0,0.84,1.0004,0.21,0.35,0.6,5.7,3.1,7.5
6,5.3,14.0,0.83,1.0024,0.21,0.25,1.4,5.9,2.2,8.3
4,6.6,17.0,0.82,1.0044,0.2,0.12,0.5,8.1,6.1,11.2
7,4.8,15.0,0.88,1.0014,0.24,0.73,1.1,9.3,6.1,12.4
4,5.7,12.0,0.84,1.008,0.36,0.0,2.6,6.8,4.0,9.4
7,6.0,13.0,0.8,1.0042,0.43,0.37,3.4,7.3,4.3,10.1
5,7.2,16.0,0.84,1.0015,0.24,0.04,1.9,7.3,6.2,8.8
5,5.1,10.0,0.84,1.0146,0.4,0.01,3.5,6.8,3.8,9.4
7,6.2,15.0,0.88,1.0129,0.17,0.83,0.2,12.0,7.8,14.4
6,5.5,11.0,0.78,1.0092,0.23,0.0,0.2,12.5,10.7,14.2
4,3.5,9.0,0.86,1.0153,0.39,0.0,4.1,10.7,7.2,13.3
7,5.5,13.0,0.81,1.0116,0.22,0.22,0.2,12.2,10.5,13.9
6,3.4,9.0,0.87,1.0138,0.27,0.01,1.2,11.1,9.2,13.8
6,5.3,15.0,0.85,1.0168,0.14,0.03,0.0,8.4,4.7,11.9
4,4.8,12.0,0.8,1.0145,0.2,0.12,1.3,7.5,4.4,9.5
5,5.8,12.0,0.72,1.0127,0.36,0.01,3.5,11.1,8.1,13.5
6,4.9,11.0,0.85,1.011,0.07,0.18,0.0,11.2,9.5,12.8
7,5.3,14.0,0.84,1.005,0.14,0.04,0.0,11.2,7.5,14.4
4,8.2,20.0,0.71,1.0025,0.39,0.03,4.6,12.6,10.0,15.1
4,7.5,15.0,0.79,1.011,0.36,0.02,3.3,9.7,8.1,11.6
7,8.8,25.0,0.81,1.0112,0.15,0.5,0.0,9.7,8.0,11.3
7,8.5,17.0,0.8,1.0186,0.4,0.36,5.1,11.7,9.7,13.6
8,8.3,19.0,0.84,1.0153,0.05,0.73,0.0,12.6,11.7,13.6
6,11.7,25.0,0.76,1.0106,0.24,0.33,2.0,10.4,8.1,12.5
7,6.8,17.0,0.86,1.0056,0.13,0.28,0.0,7.4,5.7,9.2
7,6.5,14.0,0.89,1.0053,0.09,0.32,0.0,4.5,2.4,5.8
5,5.6,12.0,0.82,1.0118,0.41,0.0,5.5,2.5,-0.1,4.4
5,3.0,6.0,0.87,1.0154,0.41,0.0,4.8,1.4,-1.5,5.3
7,2.7,7.0,0.9,1.0177,0.09,0.18,0.0,3.5,-0.2,5.2
7,3.9,9.0,0.95,1.0206,0.22,0.11,1.0,5.0,3.2,7.4
3,5.2,11.0,0.84,1.02,0.3,0.0,2.1,1.9,0.2,3.3
1,3.6,7.0,0.77,1.0211,0.47,0.0,6.1,-0.4,-3.7,3.1
1,2.3,5.0,0.81,1.0183,0.55,0.0,6.8,-2.8,-5.2,1.2
1,2.5,7.0,0.76,1.0115,0.49,0.0,6.8,1.1,-4.2,7.8
7,2.1,5.0,0.79,1.0016,0.21,0.01,0.0,2.2,-1.7,5.8
8,4.8,10.0,0.92,0.9977,0.04,0.0,0.0,-0.2,-1.0,0.8
8,3.9,9.0,0.96,0.9924,0.12,0.14,0.0,-0.9,-1.5,-0.3
8,3.1,7.0,0.98,0.9899,0.09,0.15,0.0,-0.1,-0.8,0.9
6,5.8,13.0,0.92,0.996,0.22,0.11,1.5,0.8,-0.6,3.0
6,5.1,10.0,0.92,0.9983,0.24,0.23,1.7,0.2,-2.2,1.7
7,5.5,11.0,0.94,1.0034,0.07,0.11,0.0,0.6,-0.6,1.3
7,4.1,10.0,0.88,1.0148,0.25,0.0,1.4,1.2,0.0,2.9
8,7.3,15.0,0.82,0.9991,0.08,0.71,0.0,5.0,1.8,7.6
5,7.6,16.0,0.8,0.9948,0.34,0.13,3.8,9.2,7.0,11.7
6,6.8,15.0,0.83,1.0036,0.3,0.23,1.9,6.7,4.7,9.2
7,7.8,18.0,0.81,0.9978,0.16,0.05,0.2,7.9,6.3,9.4
8,7.2,17.0,0.9,0.9898,0.05,1.59,0.0,8.3,6.2,10.4
7,5.6,11.0,0.92,1.0004,0.1,0.64,0.5,6.0,3.6,9.2
5,5.6,12.0,0.88,1.0104,0.2,0.01,1.0,5.0,2.6,6.8
5,5.0,10.0,0.91,1.014,0.37,0.13,3.2,3.8,1.3,6.4
7,3.3,8.0,0.92,1.0151,0.23,0.0,0.4,3.8,0.9,5.8
7,4.1,9.0,0.94,1.0115,0.12,0.41,0.0,2.1,0.3,3.8
8,6.0,11.0,0.93,1.0205,0.13,0.38,0.2,2.5,0.7,3.8
2,4.5,10.0,0.84,1.0274,0.57,0.0,7.2,0.3,-2.3,3.6
1,5.0,11.0,0.78,1.0333,0.61,0.0,7.2,-0.8,-3.0,1.7
1,4.6,10.0,0.88,1.0329,0.67,0.0,7.1,-1.6,-4.1,1.6
0,5.4,11.0,0.65,1.0265,0.61,0.0,7.5,-1.7,-4.6,1.5
1,2.5,7.0,0.74,1.0238,0.58,0.0,7.3,-2.9,-5.7,1.8
2,1.4,3.0,0.85,1.0197,0.58,0.0,7.0,-3.7,-8.0,0.6
8,1.5,4.0,0.93,1.0191,0.26,0.19,0.5,1.1,-3.5,3.5
8,1.2,3.0,0.96,1.022,0.25,0.0,0.0,1.3,0.3,2.9
8,1.5,4.0,0.96,1.0248,0.2,0.12,0.6,0.0,-2.3,1.1
6,3.8,10.0,0.89,1.0215,0.46,1.11,4.1,-0.3,-4.0,2.9
8,5.3,12.0,0.93,1.0065,0.17,0.99,0.3,6.6,2.8,8.7
7,7.2,19.0,0.86,0.9999,0.35,0.14,1.7,8.6,6.4,11.7
6,7.5,21.0,0.85,0.9978,0.28,0.33,0.7,8.6,4.3,12.0
5,5.0,11.0,0.89,1.0033,0.17,0.43,0.0,6.1,4.0,8.0
5,5.6,14.0,0.86,1.0013,0.3,0.02,1.0,5.0,2.7,6.6
6,6.4,17.0,0.87,0.9959,0.17,0.95,0.9,3.9,1.9,5.7
3,2.8,7.0,0.88,1.0043,0.62,0.0,6.0,2.9,-0.8,6.8
6,1.5,4.0,0.95,1.0169,0.27,0.04,1.2,2.9,-0.6,5.2
7,2.1,5.0,0.97,1.0231,0.32,0.0,1.2,1.4,-0.7,3.9
6,1.9,8.0,0.86,1.0243,0.38,0.0,1.3,1.7,-2.1,4.7
8,2.8,8.0,0.99,1.0287,0.42,0.07,1.7,-0.7,-2.0,0.8
8,3.7,8.0,0.95,1.0184,0.18,0.65,0.0,0.2,-0.2,1.4
8,4.6,11.0,0.98,1.0054,0.11,1.05,0.0,4.1,0.3,7.3
8,5.8,15.0,0.93,1.0015,0.11,1.12,0.0,7.0,4.2,10.4
8,9.3,18.0,0.88,0.9966,0.3,0.73,0.5,9.2,7.7,10.7
8,8.6,17.0,0.83,1.0013,0.22,0.45,0.0,10.9,9.5,12.8
8,5.0,13.0,0.88,1.0024,0.48,0.47,2.1,9.8,8.3,11.4
6,8.6,23.0,0.73,0.9969,0.62,0.17,4.0,10.4,6.4,12.8
5,3.0,11.0,0.8,1.0173,0.81,0.05,4.0,3.6,0.5,6.5
5,3.2,12.0,0.83,1.0316,0.63,0.0,4.4,2.9,-2.0,7.3
7,7.6,14.0,0.81,1.0322,0.38,0.0,1.9,9.1,5.9,11.3
8,5.5,12.0,0.85,1.024,0.52,0.66,1.2,10.9,8.0,14.0
5,5.5,14.0,0.86,1.0328,0.41,0.1,2.0,5.4,2.2,8.0
5,3.3,8.0,0.9,1.0338,0.69,0.0,4.4,3.6,0.6,7.0
1,1.5,5.0,0.78,1.0313,1.06,0.0,9.0,5.7,0.0,12.0
5,3.5,9.0,0.91,1.0298,0.66,0.66,5.0,3.5,0.2,7.6
8,4.8,10.0,0.92,1.0377,0.14,0.04,0.0,3.6,2.2,5.7
8,2.5,5.0,0.9,1.0405,0.32,0.0,0.3,2.1,-0.1,3.8
7,3.5,10.0,0.85,1.0368,0.47,0.04,2.4,3.8,1.0,5.5
6,3.3,8.0,0.88,1.0332,0.55,0.02,1.4,4.8,2.7,8.1
8,5.5,10.0,0.96,1.0262,0.16,0.23,0.0,5.2,2.6,7.2
7,4.8,11.0,0.87,1.0156,0.51,0.09,1.7,5.1,3.4,7.0
7,3.5,10.0,0.9,1.0058,0.81,0.45,4.0,2.2,0.0,5.3
4,3.3,10.0,0.82,1.0103,0.88,0.1,4.8,-0.8,-5.5,1.1
6,4.9,11.0,0.81,1.0121,1.36,0.0,7.6,-0.9,-6.1,3.5
5,4.9,10.0,0.81,1.0067,0.96,0.0,4.5,0.8,-1.7,3.9
6,4.0,10.0,0.69,0.9963,0.72,0.0,3.5,2.0,-1.6,4.8
7,3.1,8.0,0.68,0.9939,0.91,0.0,5.8,4.2,1.8,7.1
7,2.9,9.0,0.85,0.9947,0.63,0.03,1.6,2.5,1.2,5.6
7,3.3,7.0,0.88,0.9982,0.77,0.0,3.2,1.9,-0.2,6.0
8,4.5,10.0,0.85,0.9965,0.31,0.0,0.0,-0.1,-0.8,0.4
8,3.1,7.0,0.95,0.9971,0.37,0.15,0.0,1.3,-0.4,3.5
6,3.0,7.0,0.78,1.0185,0.59,0.0,0.9,2.0,0.4,4.7
2,3.6,8.0,0.74,1.0189,1.52,0.0,10.1,4.1,-1.9,10.3
7,3.9,9.0,0.86,1.0099,0.77,0.47,2.0,9.2,3.0,15.4
8,4.1,13.0,0.91,1.0018,0.3,0.14,0.4,9.6,7.5,12.5
7,6.2,14.0,0.87,1.0026,0.64,0.25,1.4,9.9,8.2,11.7
7,6.0,13.0,0.89,1.0032,0.46,0.31,0.3,10.5,8.7,13.0
7,5.7,16.0,0.9,1.0057,0.48,0.23,0.6,11.9,10.0,13.9
6,5.7,17.0,0.8,1.004,0.85,0.32,3.5,8.7,4.5,14.0
6,7.4,17.0,0.87,1.0006,0.64,0.55,2.3,5.7,3.4,9.1
6,6.0,13.0,0.82,1.008,0.99,0.01,4.6,6.1,3.6,9.5
8,1.6,4.0,0.91,1.0091,0.72,0.21,0.6,7.4,5.0,10.2
7,3.8,10.0,0.89,1.0086,0.93,0.0,2.4,9.6,7.1,12.7
8,2.7,8.0,0.93,1.0006,0.42,0.0,0.0,7.0,5.4,8.8
8,5.4,14.0,0.92,0.998,0.44,1.21,0.7,7.8,3.1,9.9
6,5.3,15.0,0.81,1.0125,0.94,0.21,3.2,2.7,-1.3,5.3
6,5.2,11.0,0.69,1.0145,1.03,0.0,3.1,1.9,-2.5,4.3
8,4.8,13.0,0.94,1.0002,0.39,1.32,0.4,5.2,0.7,10.2
8,3.0,9.0,0.95,1.0001,0.47,0.17,0.1,7.1,4.7,9.6
7,5.5,20.0,0.88,1.0018,0.4,0.67,1.4,10.2,6.6,14.3
7,4.2,10.0,0.89,1.0001,0.77,0.91,0.8,9.2,4.6,11.8
8,5.5,11.0,0.93,0.9986,0.16,0.8,0.0,3.0,1.9,4.7
8,2.9,6.0,0.84,1.0109,0.42,0.0,0.0,2.4,1.1,3.7
7,5.1,10.0,0.77,1.0119,1.28,0.0,3.9,4.2,2.5,7.2
7,6.0,15.0,0.76,1.0019,1.41,0.17,4.8,8.1,3.3,14.3
6,5.0,14.0,0.91,0.9973,0.79,1.51,1.7,6.4,2.2,10.2
6,3.5,10.0,0.87,1.0135,0.96,0.59,2.5,6.7,2.6,10.9
5,5.5,13.0,0.75,1.0221,1.37,0.0,5.4,9.6,3.9,14.4
5,3.0,7.0,0.76,1.0233,1.76,0.0,7.6,12.7,8.5,18.2
3,4.1,9.0,0.59,1.0146,2.27,0.0,11.8,15.4,6.3,22.2
6,5.6,15.0,0.72,1.0144,1.1,0.0,3.1,12.2,9.7,16.1
7,7.0,19.0,0.76,1.0067,0.93,0.39,2.5,9.1,4.6,12.6
6,7.5,17.0,0.78,1.0125,1.14,0.21,3.7,7.3,4.7,11.5
7,8.0,14.0,0.82,1.0047,0.9,0.16,1.1,11.2,8.1,13.9
6,5.4,17.0,0.75,1.0029,1.4,0.14,5.7,8.9,6.6,12.9
7,3.1,11.0,0.8,1.0162,0.95,0.03,1.6,7.4,4.9,11.5
8,3.8,9.0,0.89,1.0157,0.58,0.03,0.0,8.5,4.8,10.6
8,4.2,12.0,0.91,1.0105,0.86,1.28,1.7,8.4,6.5,10.8
7,3.1,10.0,0.9,1.0211,0.51,0.25,0.0,7.8,4.7,10.8
5,3.6,12.0,0.79,1.0283,1.11,0.0,2.8,5.0,0.9,8.7
5,3.9,13.0,0.69,1.0291,1.12,0.01,1.6,2.9,-0.3,7.7
5,4.3,13.0,0.73,1.0254,1.77,0.91,6.1,1.7,-2.5,5.4
7,5.4,13.0,0.88,1.0081,0.97,1.23,2.2,7.4,3.0,10.4
7,4.0,13.0,0.87,1.0141,1.21,0.23,2.7,6.4,4.2,10.0
7,3.8,10.0,0.76,1.0166,1.02,0.01,1.0,6.1,4.2,8.0
6,5.7,13.0,0.8,1.006,1.29,0.52,4.0,4.7,1.2,8.3
6,5.1,15.0,0.87,1.0081,1.76,0.12,6.0,3.2,1.4,7.2
6,3.2,8.0,0.84,1.0085,1.56,0.04,3.2,3.6,1.0,8.4
4,3.6,10.0,0.77,1.0111,1.75,0.0,5.0,5.1,-0.2,10.6
3,2.0,6.0,0.68,1.0073,2.52,0.0,9.3,6.9,-0.1,12.5
7,1.7,5.0,0.63,1.005,1.33,0.0,2.0,8.9,4.9,13.5
6,4.3,13.0,0.72,1.0078,1.61,0.74,5.1,10.2,2.5,15.7
7,5.0,22.0,0.85,1.0088,1.13,0.19,2.6,10.3,7.6,14.9
5,6.6,14.0,0.78,1.0144,1.47,0.05,4.8,10.1,7.6,14.6
8,3.7,10.0,0.91,1.0143,0.82,0.61,0.0,9.4,6.5,11.5
6,6.2,15.0,0.82,1.0088,1.47,0.33,4.0,10.9,8.3,15.1
7,3.5,11.0,0.82,1.008,1.74,0.74,3.7,12.0,7.8,16.7
6,2.5,9.0,0.79,1.0101,2.02,0.0,4.9,14.9,9.1,19.8
7,3.9,9.0,0.89,1.0169,0.79,0.05,0.3,13.1,9.4,17.1
7,4.1,9.0,0.74,1.0152,2.4,0.0,8.2,15.3,8.6,22.2
6,3.8,12.0,0.86,1.0049,1.76,0.51,4.8,15.6,11.0,21.2
8,4.3,11.0,0.9,1.0097,0.29,0.18,0.0,9.1,7.9,11.0
6,7.5,14.0,0.69,1.016,1.81,0.0,2.7,8.4,5.4,12.3
7,4.8,11.0,0.73,1.0203,1.7,0.0,3.7,9.3,3.5,13.5
5,5.5,14.0,0.64,1.0234,2.73,0.0,7.9,12.3,8.9,16.5
5,3.9,8.0,0.75,1.0254,1.72,0.0,3.1,11.5,7.0,16.4
2,4.3,11.0,0.7,1.0199,2.96,0.0,13.3,16.8,8.5,23.6
1,4.8,10.0,0.56,1.018,3.13,0.0,14.0,19.1,12.6,24.6
1,3.3,8.0,0.53,1.0199,3.12,0.0,12.8,18.8,11.3,25.2
2,3.7,9.0,0.55,1.0182,3.15,0.0,14.0,18.6,11.7,24.0
5,2.5,7.0,0.52,1.0106,3.0,0.0,13.3,19.3,10.9,26.0
7,3.8,9.0,0.85,1.0068,1.46,0.65,2.5,14.6,10.5,21.2
5,3.4,12.0,0.78,1.0062,2.78,0.36,10.7,14.5,8.1,20.3
4,6.7,19.0,0.82,1.0055,1.69,0.55,6.7,13.7,11.6,18.4
5,7.0,17.0,0.69,1.0079,2.11,0.08,7.1,13.1,8.3,17.1
7,5.3,11.0,0.85,1.0173,0.53,0.04,0.2,10.4,7.6,12.9
5,3.0,11.0,0.72,1.0242,1.8,0.0,5.2,12.5,8.0,17.3
1,2.8,10.0,0.67,1.0259,3.23,0.0,13.7,12.5,5.2,18.0
3,4.9,10.0,0.7,1.0235,3.14,0.0,12.8,13.2,8.2,18.7
4,4.8,12.0,0.65,1.022,3.26,0.0,14.3,13.7,7.0,19.7
0,3.9,10.0,0.58,1.0223,3.31,0.0,14.6,16.8,8.2,23.0
1,3.1,9.0,0.57,1.0208,3.24,0.0,14.4,18.6,11.7,24.9
2,3.0,7.0,0.61,1.0205,3.17,0.0,11.0,16.6,10.3,23.4
6,2.3,8.0,0.54,1.0197,2.83,0.0,9.1,19.5,9.9,25.6
7,4.7,11.0,0.69,1.0221,2.05,0.0,4.4,18.1,15.1,20.8
7,6.0,13.0,0.7,1.0215,2.01,0.0,5.5,19.7,15.0,25.1
6,4.8,11.0,0.57,1.0204,3.23,0.0,12.5,18.9,13.1,23.5
5,1.9,6.0,0.61,1.0172,2.47,0.0,6.7,17.4,10.9,23.3
5,4.7,13.0,0.65,1.0162,2.48,0.0,8.4,14.5,10.9,18.7
6,4.4,11.0,0.68,1.0197,2.09,0.11,5.3,13.5,10.3,17.6
7,6.1,16.0,0.91,1.0102,0.72,0.67,0.9,11.2,7.4,13.7
6,5.3,18.0,0.75,1.0188,1.98,0.13,4.8,9.5,6.6,13.0
7,4.1,11.0,0.74,1.0244,1.51,0.0,1.7,11.7,6.7,15.8
5,3.3,10.0,0.59,1.0186,3.26,0.0,12.5,16.3,8.4,22.1
7,4.9,14.0,0.66,1.0123,2.29,0.02,5.3,16.6,12.6,20.9
7,5.7,14.0,0.79,1.012,1.05,0.7,1.0,13.0,10.3,16.2
7,3.4,7.0,0.69,1.0126,1.77,0.0,2.8,12.8,8.3,16.5
5,2.0,8.0,0.59,1.0144,3.16,0.0,11.5,12.6,5.3,17.8
7,2.4,13.0,0.69,1.0139,1.96,0.3,4.9,12.4,9.2,18.2
5,3.4,12.0,0.71,1.0203,2.39,0.08,6.2,12.6,8.8,17.5
5,3.6,8.0,0.64,1.0196,2.39,0.0,8.3,14.6,8.6,18.6
6,1.8,7.0,0.68,1.0155,2.23,0.0,5.7,15.5,8.7,20.3
5,1.6,6.0,0.64,1.0146,2.64,0.0,9.0,17.5,12.3,22.5
6,4.7,16.0,0.71,1.0102,1.96,0.03,4.4,17.3,12.3,23.0
4,4.5,20.0,0.79,1.0075,2.4,1.22,7.7,15.9,11.4,21.7
7,4.4,13.0,0.92,1.0097,1.18,1.75,2.2,14.3,12.4,18.3
7,4.2,11.0,0.85,1.0231,0.91,0.07,0.1,13.1,10.1,15.3
4,2.1,7.0,0.68,1.0276,3.26,0.0,10.2,13.3,8.5,18.4
5,3.7,9.0,0.63,1.0202,3.28,0.0,12.1,16.9,8.5,22.8
4,4.3,11.0,0.65,1.0151,2.72,0.0,8.2,15.7,9.7,20.6
5,4.0,11.0,0.7,1.0166,2.05,0.0,4.6,13.8,9.0,18.9
3,1.5,5.0,0.68,1.0198,2.7,0.0,9.7,15.1,7.9,21.2
2,1.5,5.0,0.61,1.0214,2.86,0.0,10.6,19.9,10.7,26.0
3,3.1,9.0,0.58,1.0231,3.2,0.0,14.0,20.7,15.3,26.9
3,3.3,9.0,0.54,1.0169,3.26,0.0,14.1,23.1,14.1,31.2
7,3.6,13.0,0.7,1.0128,1.62,0.04,4.3,21.0,17.6,25.3
5,4.6,10.0,0.67,1.0186,2.66,0.0,6.6,18.9,15.2,23.5
5,3.3,9.0,0.68,1.0219,2.74,0.0,10.3,20.9,16.2,24.8
6,3.1,13.0,0.72,1.0203,1.45,0.8,3.7,19.9,15.4,23.8
4,4.1,10.0,0.68,1.0263,2.54,0.0,8.1,18.6,13.4,23.8
5,1.8,6.0,0.74,1.0278,1.2,0.0,0.5,18.1,14.4,21.1
0,4.3,10.0,0.62,1.0192,3.46,0.0,15.2,20.6,13.6,26.7
1,5.4,12.0,0.51,1.0113,3.52,0.0,15.2,22.3,14.4,28.7
4,3.9,9.0,0.57,1.0109,2.82,0.0,10.4,24.5,17.1,31.6
6,2.8,9.0,0.7,1.0084,2.26,0.72,5.3,22.9,19.3,29.7
7,5.4,16.0,0.83,1.0058,1.91,1.03,3.6,19.4,16.6,23.9
8,6.2,13.0,0.89,1.0107,0.37,0.38,0.0,16.5,15.2,17.4
6,5.0,11.0,0.75,1.0151,2.22,0.0,5.2,16.9,12.8,22.0
7,5.7,16.0,0.71,1.0099,2.23,0.18,4.3,19.1,13.3,25.4
3,8.8,18.0,0.67,1.0113,2.56,0.1,10.3,16.3,13.6,19.9
5,6.2,12.0,0.74,1.0121,1.7,0.03,5.3,15.2,12.0,20.1
6,5.1,13.0,0.72,1.0099,2.17,0.0,4.1,15.7,11.8,19.9
8,2.5,14.0,0.93,1.0069,0.7,1.04,0.0,14.8,12.8,17.4
7,2.8,9.0,0.77,1.0153,2.32,0.12,4.7,15.4,10.6,21.1
6,2.3,6.0,0.74,1.0161,2.25,0.1,5.2,15.8,12.8,20.1
6,3.0,12.0,0.7,1.0081,2.4,0.14,6.7,17.5,12.1,23.6
6,6.2,14.0,0.78,1.0,1.86,0.49,4.2,16.5,14.2,21.1
7,5.4,13.0,0.9,1.0025,1.34,1.01,1.4,15.3,13.8,19.0
6,4.7,12.0,0.88,1.0136,1.06,0.37,1.8,14.3,9.8,17.5
6,4.3,15.0,0.78,1.019,1.68,0.0,2.3,16.5,9.7,20.7
6,2.8,7.0,0.69,1.0182,2.06,0.0,3.7,21.7,15.8,26.1
6,3.0,9.0,0.76,1.0173,2.22,0.0,7.5,20.2,17.0,24.2
3,2.0,7.0,0.73,1.0174,2.68,0.0,10.3,21.0,14.8,26.1
2,2.6,8.0,0.67,1.0185,2.98,0.0,11.6,21.8,15.9,27.2
5,2.5,8.0,0.72,1.0171,2.2,0.0,5.5,21.9,15.6,29.3
5,2.3,10.0,0.69,1.0163,2.09,0.98,6.1,23.1,17.1,30.1
3,2.9,8.0,0.74,1.0198,2.71,0.0,10.7,22.3,17.8,27.4
4,1.9,7.0,0.69,1.0234,2.9,0.0,10.8,21.2,15.9,26.9
2,3.8,10.0,0.64,1.023,2.75,0.0,12.1,23.8,16.9,29.5
4,4.3,11.0,0.74,1.0222,2.35,0.0,7.9,21.9,15.6,27.0
3,2.4,8.0,0.71,1.0239,2.71,0.0,9.6,18.2,12.7,23.8
7,3.1,22.0,0.68,1.012,2.24,1.36,6.5,21.7,13.7,29.6
6,4.6,11.0,0.8,1.0109,1.72,0.02,4.9,19.9,17.2,23.4
6,5.0,16.0,0.76,1.0164,2.07,0.16,6.1,17.1,13.9,21.0
6,5.2,14.0,0.74,1.0166,2.0,0.47,6.0,16.9,14.1,21.7
7,5.0,13.0,0.86,1.0129,1.17,0.3,1.4,17.9,15.4,21.7
7,6.2,13.0,0.85,1.0089,1.17,1.02,0.9,17.9,16.0,20.4
6,7.4,17.0,0.8,1.0068,1.85,0.73,5.6,16.5,13.6,20.2
6,4.9,16.0,0.81,1.0133,1.74,0.16,3.8,15.8,12.6,22.4
6,3.5,11.0,0.82,1.022,1.65,0.57,3.3,14.2,11.2,18.9
5,4.0,10.0,0.74,1.0264,2.29,0.0,7.8,16.0,9.5,21.4
6,6.0,13.0,0.64,1.0196,2.03,0.0,5.5,19.2,13.1,24.0
4,5.4,12.0,0.75,1.015,1.59,0.0,4.6,20.5,17.5,24.4
0,1.8,5.0,0.66,1.0154,2.73,0.0,13.2,23.3,15.6,30.6
3,2.8,8.0,0.61,1.0135,2.53,0.0,11.4,25.9,17.9,32.9
6,4.7,16.0,0.78,1.0158,1.35,0.83,4.7,19.4,13.2,24.3
4,2.0,6.0,0.64,1.0187,2.76,0.0,12.7,18.8,11.4,24.6
5,2.8,7.0,0.75,1.0115,2.19,0.59,7.0,21.0,15.4,27.8
5,5.6,14.0,0.71,1.0091,2.1,0.07,6.5,20.1,16.3,24.2
7,3.0,7.0,0.75,1.0153,1.47,0.0,1.8,18.8,15.2,21.3
3,1.7,5.0,0.72,1.0195,2.22,0.0,8.7,20.9,15.1,26.8
3,1.9,7.0,0.65,1.0212,2.28,0.0,9.8,22.4,15.6,28.4
5,1.7,5.0,0.63,1.0193,2.07,0.0,7.7,23.5,16.9,28.8
2,2.0,6.0,0.64,1.0175,2.38,0.0,11.9,24.2,17.9,30.1
1,1.4,6.0,0.58,1.0172,2.43,0.0,11.6,25.6,17.6,33.2
4,3.0,9.0,0.56,1.0158,2.27,0.0,9.9,26.1,18.1,34.2
5,4.5,11.0,0.72,1.0191,1.92,0.29,6.5,18.5,13.2,21.8
3,2.3,7.0,0.69,1.0203,2.5,0.0,11.7,15.5,9.9,20.5
5,3.6,9.0,0.63,1.015,2.44,0.0,10.7,16.7,10.0,23.1
7,2.4,6.0,0.77,1.0094,0.79,0.08,1.4,15.2,11.2,18.4
5,3.4,11.0,0.85,1.0101,1.28,0.16,2.9,15.4,12.2,20.4
5,2.5,11.0,0.81,1.0165,0.94,0.07,1.8,14.7,9.7,19.0
7,5.0,10.0,0.92,1.0163,0.76,0.23,1.0,14.1,8.8,17.5
8,4.5,16.0,0.96,1.0118,0.47,1.89,0.0,15.7,13.6,17.4
8,4.5,13.0,0.91,1.0107,1.14,0.96,2.2,13.6,11.5,16.4
7,3.8,10.0,0.83,1.0181,1.13,0.09,2.7,13.5,11.7,17.8
6,3.5,9.0,0.94,1.0144,0.7,1.79,1.8,13.7,11.2,17.5
8,5.5,13.0,0.88,1.0144,0.61,0.03,0.7,14.3,12.2,17.0
6,5.6,15.0,0.8,1.0092,1.06,0.94,3.1,13.3,8.1,16.1
7,5.7,15.0,0.9,1.011,1.4,0.85,5.3,10.3,8.6,13.0
7,5.3,14.0,0.9,1.0134,1.05,0.19,2.4,11.3,9.8,15.7
6,5.4,14.0,0.85,1.0155,1.19,0.03,3.3,12.3,9.3,16.0
7,5.0,14.0,0.85,1.0148,0.7,0.06,1.1,14.7,12.6,18.0
7,6.1,15.0,0.86,1.0037,0.91,0.85,1.5,13.4,10.9,16.4
7,3.6,8.0,0.86,1.0076,0.92,0.0,2.5,12.5,10.1,15.9
7,5.2,11.0,0.88,1.0107,0.86,0.6,2.6,12.0,9.2,15.8
7,3.9,10.0,0.91,1.0128,1.08,0.9,2.1,10.6,8.5,14.4
6,3.0,7.0,0.91,1.0131,1.03,1.28,2.5,10.2,7.3,14.7
5,2.7,6.0,0.85,1.012,1.24,0.0,6.1,10.7,5.9,14.6
7,6.5,16.0,0.87,1.0032,0.47,1.36,1.3,11.6,9.9,13.0
7,6.3,15.0,0.9,1.0084,0.47,0.11,1.0,12.7,11.5,15.4
6,3.7,11.0,0.89,1.0146,1.01,0.36,3.5,12.0,8.6,17.0
4,2.9,10.0,0.91,1.0152,1.09,0.02,3.8,10.3,6.6,15.9
7,2.9,8.0,0.91,1.0094,0.87,0.0,2.9,11.4,8.2,15.8
5,1.4,4.0,0.88,1.0119,1.42,0.0,6.0,12.4,8.3,17.2
6,2.3,6.0,0.89,1.0172,1.1,0.0,3.0,12.0,8.7,16.7
5,3.2,9.0,0.87,1.0185,1.35,0.36,5.6,12.6,7.6,17.5
6,5.7,11.0,0.9,1.0154,0.56,0.03,1.1,15.0,12.2,17.7
5,2.8,6.0,0.82,1.0153,1.44,0.0,8.2,14.7,10.7,20.7
7,3.0,11.0,0.87,1.0112,1.05,0.37,4.6,14.8,10.3,20.6
6,4.7,12.0,0.82,1.0122,1.39,0.12,5.3,16.0,13.6,20.0
8,7.7,16.0,0.86,1.0065,0.46,0.7,0.1,17.1,15.8,19.2
6,6.7,18.0,0.84,1.0072,0.78,1.29,2.3,18.2,13.6,24.0
7,3.7,8.0,0.88,1.0117,0.68,0.23,1.9,14.5,13.0,17.3
4,5.1,11.0,0.85,1.0156,1.17,0.0,5.2,13.0,10.4,17.3
5,2.6,6.0,0.81,1.0109,1.2,0.0,5.3,14.0,10.2,19.4
7,4.8,15.0,0.83,1.008,1.14,0.34,4.9,16.8,12.2,20.1
6,5.4,14.0,0.8,1.0053,1.01,0.0,3.9,15.7,13.4,18.5
4,8.0,18.0,0.76,1.0058,0.92,0.01,4.5,14.2,12.7,17.4
5,6.7,15.0,0.79,1.0134,0.61,0.0,1.0,13.6,12.0,15.7
3,5.8,12.0,0.83,1.0246,1.27,0.0,8.4,13.4,9.1,17.1
4,5.2,12.0,0.83,1.0287,1.19,0.0,7.9,14.1,10.6,18.4
1,2.4,6.0,0.77,1.0257,1.27,0.0,9.8,15.2,8.1,22.0
1,1.9,5.0,0.78,1.0215,1.01,0.0,7.2,17.7,12.0,23.8
5,3.9,10.0,0.84,1.0176,0.9,0.04,5.3,16.8,12.9,21.4
4,3.8,10.0,0.81,1.0159,1.0,0.0,5.3,17.3,12.6,22.3
3,2.8,9.0,0.79,1.0262,1.15,0.0,7.8,13.9,9.7,17.9
4,2.8,7.0,0.88,1.0198,0.86,0.0,4.4,13.2,9.0,18.9
6,2.7,8.0,0.86,1.013,0.87,0.59,4.3,15.6,10.4,20.2
4,2.9,9.0,0.87,1.012,0.96,0.0,5.9,15.9,12.5,21.1
6,2.8,7.0,0.82,1.0055,0.62,0.0,2.3,14.9,11.7,19.3
7,5.4,11.0,0.81,1.0037,0.64,0.0,2.9,14.2,13.0,16.0
4,5.2,12.0,0.83,1.0128,0.91,0.0,6.4,12.9,8.9,16.4
7,3.2,7.0,0.92,1.0163,0.23,0.61,0.0,12.5,9.4,15.0
5,4.3,11.0,0.91,1.0206,0.64,0.17,1.9,12.3,9.5,15.0
6,4.5,10.0,0.9,1.0228,0.58,0.0,1.8,13.1,11.5,15.9
4,4.7,11.0,0.85,1.0186,0.93,0.0,6.9,12.9,10.2,16.3
7,4.8,11.0,0.88,1.0183,0.37,0.53,0.6,13.3,9.8,15.0
6,2.0,5.0,0.96,1.0252,0.25,0.95,0.1,10.7,7.2,12.7
7,5.2,12.0,0.92,1.0247,0.55,0.0,1.8,11.2,7.8,13.6
3,7.5,15.0,0.74,1.0191,0.84,0.0,7.0,15.2,11.5,19.1
5,6.2,18.0,0.8,1.0196,0.3,0.24,1.1,12.0,6.8,17.0
3,2.9,6.0,0.85,1.0364,0.78,0.0,6.0,8.3,4.3,12.0
2,2.1,5.0,0.89,1.0401,0.9,0.0,8.5,7.1,3.1,12.9
4,1.7,4.0,0.89,1.0329,0.79,0.0,6.7,7.1,2.4,12.6
5,2.4,6.0,0.91,1.0235,0.68,0.0,6.2,6.9,1.5,11.1
6,2.8,7.0,0.79,1.0233,0.69,0.0,5.5,7.8,3.2,11.2
7,6.8,14.0,0.89,1.0133,0.12,0.19,0.0,8.5,4.8,10.4
8,5.9,11.0,0.91,1.0073,0.19,0.19,0.1,9.8,8.4,11.4
7,6.3,18.0,0.91,0.9951,0.25,1.9,0.7,6.1,1.8,10.6
4,3.7,13.0,0.89,1.0171,0.65,0.13,4.7,2.4,-1.3,6.0
3,1.3,5.0,0.88,1.031,0.73,0.0,5.6,0.5,-2.4,5.8
7,3.7,7.0,0.86,1.025,0.17,0.0,0.0,2.8,-1.1,5.3
8,2.9,6.0,0.99,1.015,0.1,0.43,0.0,7.5,4.8,9.6
7,4.0,13.0,0.91,1.0182,0.29,0.13,0.6,5.4,2.6,9.0
2,3.3,8.0,0.87,1.0298,0.52,0.0,4.0,2.8,-1.5,6.7
4,1.6,4.0,0.96,1.0388,0.71,0.0,7.1,-0.8,-3.4,2.8
8,1.4,3.0,0.99,1.0393,0.2,0.02,0.0,3.3,-1.0,5.8
7,3.5,8.0,0.92,1.0338,0.31,0.0,0.9,4.4,1.4,6.2
7,2.4,7.0,0.92,1.0244,0.41,0.0,2.2,3.8,1.0,5.9
7,2.0,5.0,0.94,1.0253,0.44,0.0,2.5,4.8,0.6,7.5
8,3.1,6.0,0.97,1.0307,0.2,0.01,0.0,6.2,4.3,7.5
8,7.2,16.0,0.78,1.0287,0.23,0.0,0.7,7.0,5.9,8.3
7,7.0,16.0,0.92,1.0171,0.07,1.37,0.0,6.0,1.3,8.6
6,3.5,8.0,0.89,1.023,0.52,0.08,3.9,3.4,1.1,6.0
8,4.5,9.0,0.98,1.0221,0.07,0.68,0.0,4.8,2.6,7.1
8,4.0,9.0,0.99,1.0174,0.11,0.52,0.0,9.1,7.0,10.3
8,2.7,9.0,0.96,1.0129,0.06,0.89,0.0,6.9,4.1,9.3
7,4.7,14.0,0.96,1.0113,0.25,0.36,0.7,3.8,0.5,6.2
5,4.7,13.0,0.9,1.0162,0.36,0.03,3.1,6.0,3.4,8.2
8,6.5,13.0,0.94,1.016,0.1,1.47,0.0,7.3,3.7,10.0
8,4.2,8.0,0.99,1.0122,0.09,0.89,0.0,11.2,9.8,12.5
8,4.6,12.0,0.95,1.0169,0.19,0.32,1.2,11.7,8.9,13.4
7,2.0,6.0,0.98,1.0248,0.2,0.0,0.0,8.3,7.0,9.3
8,1.8,6.0,0.96,1.0215,0.11,0.02,0.0,9.2,8.5,10.3
7,5.5,13.0,0.9,1.0146,0.1,0.54,0.3,8.9,7.1,10.5
7,6.9,22.0,0.87,1.0173,0.19,0.05,0.0,8.1,4.9,11.8
5,4.5,19.0,0.85,1.029,0.24,0.0,1.9,6.9,1.9,9.6
3,2.0,5.0,0.99,1.0388,0.32,0.0,2.4,1.3,-1.4,4.2
0,2.6,6.0,0.92,1.0405,0.51,0.0,7.0,0.6,-2.2,4.8
1,3.3,7.0,0.88,1.0404,0.52,0.0,7.0,-0.1,-3.0,2.6
2,2.7,6.0,0.83,1.0405,0.37,0.0,3.0,0.0,-2.0,3.2
7,1.3,4.0,0.99,1.037,0.11,0.0,0.0,1.6,-2.4,3.1
8,3.3,7.0,1.0,1.032,0.08,0.0,0.0,2.3,1.9,2.8
4,4.9,11.0,0.79,1.0337,0.18,0.0,0.7,0.9,-4.4,3.3
1,3.8,8.0,0.71,1.0398,0.48,0.0,6.8,-4.6,-7.0,-2.1
4,3.0,7.0,0.84,1.0371,0.3,0.0,2.9,-2.8,-7.0,-0.2
5,3.8,9.0,0.88,1.0379,0.41,0.0,4.6,-0.8,-2.7,2.2
8,2.8,8.0,0.97,1.0371,0.12,0.0,0.0,-1.3,-2.7,-0.2
8,2.1,5.0,1.0,1.0368,0.1,0.02,0.0,0.8,-0.9,1.9
8,4.9,11.0,0.97,1.028,0.1,0.11,0.0,2.8,1.7,3.8
4,3.2,9.0,0.85,1.0269,0.47,0.02,6.3,0.5,-3.1,3.2
8,8.8,16.0,0.94,1.0104,0.03,1.87,0.0,2.0,0.4,4.0
8,4.6,10.0,0.98,1.0064,0.12,0.45,0.3,0.7,-0.9,1.7
2,2.3,8.0,0.9,1.0193,0.51,0.0,6.5,-4.4,-7.7,-0.9
8,9.3,18.0,0.9,1.009,0.07,0.26,0.0,0.6,-5.6,5.3
7,7.3,20.0,0.94,0.9966,0.05,1.13,0.2,4.4,2.2,6.1
7,4.6,11.0,0.98,1.0049,0.07,0.76,0.0,0.3,-1.9,2.3
6,6.8,16.0,0.96,1.0071,0.16,0.69,0.2,0.7,-4.3,5.6
6,9.1,22.0,0.78,1.0011,0.26,0.13,2.4,5.9,2.9,8.9
8,4.3,11.0,0.95,0.9992,0.08,0.48,0.0,0.8,-0.9,3.0
6,4.9,12.0,0.92,1.0092,0.12,0.0,0.2,-0.2,-3.2,1.3
7,4.0,9.0,0.98,1.0292,0.23,0.0,1.0,-2.0,-3.9,-0.4
7,5.0,8.0,0.97,1.0385,0.15,0.0,0.0,-1.9,-4.8,-0.1
2,3.0,6.0,0.83,1.0355,0.54,0.0,7.0,-2.4,-7.1,2.3
2,6.3,12.0,0.74,1.0329,0.56,0.0,7.0,-2.4,-5.4,0.6
1,3.7,9.0,0.63,1.0336,0.57,0.0,7.0,-4.2,-6.5,0.1
0,2.3,5.0,0.76,1.0376,0.52,0.0,7.0,-2.2,-6.8,3.2
7,3.0,7.0,0.95,1.0361,0.07,0.0,0.0,-0.6,-3.9,1.0
8,1.9,5.0,1.0,1.034,0.19,0.01,0.0,1.5,0.3,2.7
4,2.5,9.0,0.9,1.0337,0.47,0.0,5.0,1.2,-2.5,4.0
0,1.3,4.0,0.86,1.0367,0.55,0.0,7.2,0.8,-3.0,6.0
5,1.5,4.0,0.85,1.0337,0.51,0.03,7.0,1.8,-2.5,6.6
7,4.7,10.0,0.91,1.0307,0.06,0.04,0.0,2.8,0.1,3.8
7,3.4,7.0,0.88,1.0328,0.26,0.05,0.6,3.2,0.6,5.5
1,2.0,6.0,0.75,1.0284,0.57,0.0,6.8,3.3,-0.5,10.8
6,2.2,7.0,0.84,1.0266,0.19,0.0,0.2,1.9,-1.6,4.4
8,4.9,11.0,0.9,1.0177,0.17,0.6,1.0,2.9,1.4,5.3
6,3.4,9.0,0.98,1.022,0.17,0.19,0.5,2.6,0.8,4.8
7,6.0,11.0,0.88,1.0217,0.26,0.03,0.0,4.0,0.9,5.7
8,5.5,11.0,0.92,1.0202,0.17,0.11,0.0,3.9,3.1,5.3
6,7.3,18.0,0.89,1.0151,0.15,0.31,0.4,6.3,4.1,8.8
8,9.0,18.0,0.9,1.0158,0.21,1.17,0.0,7.8,4.9,9.8
6,7.4,14.0,0.91,1.013,0.16,0.17,0.0,9.6,6.1,11.3
6,8.0,17.0,0.8,1.0075,0.15,0.03,0.7,7.6,5.6,9.6
6,7.1,18.0,0.84,1.0015,0.17,0.71,0.3,7.3,5.3,9.8
7,9.0,20.0,0.85,0.9986,0.25,0.32,0.6,8.8,5.6,11.0
6,5.5,16.0,0.83,1.017,0.57,0.13,5.3,5.4,1.4,8.8
8,12.3,23.0,0.82,1.008,0.21,0.63,0.3,10.3,8.8,11.2
8,7.9,20.0,0.94,1.0066,0.14,1.91,0.0,11.1,10.0,12.9
5,11.7,23.0,0.77,1.0173,0.4,0.29,2.9,11.5,9.0,13.4
6,7.3,13.0,0.83,1.024,0.45,0.01,3.1,9.0,6.0,10.9
7,5.6,13.0,0.81,1.0181,0.59,0.0,5.1,10.7,8.2,12.9
3,7.7,19.0,0.77,1.0168,0.71,0.2,6.7,9.0,7.0,11.2
7,8.4,16.0,0.8,1.0185,0.35,0.0,2.7,10.4,7.9,11.8
2,5.8,13.0,0.57,1.0206,0.83,0.0,7.6,12.2,8.4,17.2
5,6.1,25.0,0.52,1.0141,0.65,0.0,4.8,11.6,6.9,15.7
7,9.9,27.0,0.68,1.0154,0.53,0.08,3.2,9.2,6.0,12.5
8,8.5,18.0,0.84,1.0032,0.17,0.63,0.0,10.6,7.9,12.5
6,6.0,14.0,0.82,1.005,0.37,0.18,1.3,6.9,5.4,8.3
7,5.9,16.0,0.85,1.0192,0.38,0.3,0.8,6.0,4.1,7.6
8,7.2,14.0,0.93,1.0187,0.28,0.14,0.0,9.3,4.9,11.8
8,8.7,17.0,0.85,1.0084,0.16,0.67,0.0,10.4,7.7,12.0
7,8.4,18.0,0.78,1.0097,0.3,0.12,1.1,7.9,6.0,9.3
8,11.5,20.0,0.86,1.0076,0.1,0.47,0.0,10.5,8.9,11.9
8,7.8,18.0,0.86,1.012,0.31,1.46,0.4,11.2,7.6,13.3
8,3.5,10.0,0.93,1.0166,0.13,1.01,0.0,7.0,5.3,8.0
3,6.2,13.0,0.76,1.0249,0.91,0.0,6.1,2.8,-0.7,5.4
1,4.7,11.0,0.7,1.0301,1.18,0.0,9.0,1.3,-3.7,7.0
0,3.7,9.0,0.65,1.0275,1.18,0.0,9.1,2.2,-2.7,8.3
4,4.1,10.0,0.72,1.0214,1.05,0.0,7.9,3.3,-1.8,7.9
6,4.3,9.0,0.89,1.0203,0.2,0.12,0.2,3.4,0.2,6.0
7,8.0,16.0,0.86,1.0163,0.39,0.59,1.4,5.7,2.4,9.3
8,7.6,21.0,0.9,0.996,0.27,2.33,1.3,6.1,1.6,9.1
4,5.2,14.0,0.66,1.0159,1.13,0.01,7.8,2.6,0.3,5.5
8,9.6,19.0,0.85,1.003,0.14,1.45,0.0,5.9,1.7,10.3
6,8.3,20.0,0.75,1.0006,0.5,0.14,2.0,4.2,1.2,7.4
7,6.3,16.0,0.86,1.0092,0.68,0.87,1.9,2.6,0.1,5.2
8,8.2,18.0,0.92,1.0026,0.23,1.37,0.0,9.0,3.3,10.8
7,12.2,26.0,0.77,0.9949,0.82,1.09,3.9,10.4,8.2,12.9
5,9.2,19.0,0.7,0.9994,1.1,0.47,5.8,6.6,4.6,9.0
6,8.8,17.0,0.79,1.0017,0.46,0.39,1.3,5.3,3.8,7.9
5,4.6,12.0,0.86,1.0106,0.38,0.2,0.9,3.9,0.2,6.0
3,2.8,6.0,0.69,1.0157,1.48,0.0,8.5,1.5,-2.3,6.0
5,3.5,7.0,0.79,1.02,1.1,0.0,5.9,3.9,-0.8,7.5
5,2.8,7.0,0.79,1.0196,0.97,0.0,5.2,6.2,2.8,10.3
5,1.8,6.0,0.78,1.0139,1.02,0.0,4.9,5.9,0.5,9.9
7,8.0,16.0,0.86,1.0087,0.39,0.15,0.0,6.6,2.9,8.9
6,7.1,17.0,0.69,1.016,0.87,0.0,3.5,9.8,4.1,13.0
5,3.7,9.0,0.73,1.0245,1.44,0.0,9.8,7.3,1.6,12.1
6,7.6,20.0,0.76,1.0132,0.45,0.08,1.1,8.5,5.9,11.4
2,6.5,14.0,0.64,1.017,1.71,0.0,10.5,7.2,2.3,11.8
7,4.6,11.0,0.57,1.0152,1.64,0.0,9.9,10.2,5.6,16.1
8,2.3,5.0,0.86,1.0147,0.72,0.29,1.0,10.0,7.7,13.6
8,4.3,12.0,0.96,1.0156,0.15,0.57,0.0,6.0,3.0,8.9
8,7.7,17.0,0.88,1.0129,0.29,0.66,0.0,2.9,1.8,4.3
7,5.5,12.0,0.83,1.0116,1.19,0.0,4.3,7.5,2.7,13.4
6,3.3,7.0,0.75,1.014,1.62,0.0,9.1,11.4,6.8,17.0
6,3.7,10.0,0.74,1.01,1.0,0.01,3.3,12.0,8.4,16.1
6,7.0,21.0,0.76,1.0024,0.63,0.97,1.1,11.0,8.9,14.4
7,6.8,18.0,0.78,1.0042,0.67,0.13,1.3,9.2,7.5,11.7
8,5.4,12.0,0.87,1.0124,0.55,1.33,0.3,11.3,8.4,13.5
7,6.2,14.0,0.87,1.0178,0.48,0.07,0.2,11.6,8.8,13.0
7,5.0,12.0,0.84,1.0236,0.4,0.09,0.9,8.2,3.1,12.2
4,3.2,9.0,0.71,1.0319,1.49,0.0,4.6,5.3,1.8,8.9
3,2.8,7.0,0.73,1.0342,1.67,0.0,7.7,4.1,0.1,8.9
4,2.0,7.0,0.65,1.0306,2.02,0.0,10.5,4.1,-1.0,8.3
6,2.5,6.0,0.62,1.0291,1.56,0.0,9.7,4.7,-0.1,9.1
1,3.3,9.0,0.64,1.0312,2.07,0.0,11.3,4.4,-0.4,9.9
0,4.0,11.0,0.57,1.0284,2.25,0.0,11.7,6.7,-1.4,13.4
0,2.6,8.0,0.54,1.0233,2.16,0.0,11.7,8.9,1.6,16.3
7,1.8,4.0,0.65,1.0225,0.84,0.0,1.5,8.8,2.8,14.2
6,3.6,11.0,0.64,1.0183,1.67,0.0,5.9,11.0,5.0,16.4
3,1.8,7.0,0.65,1.0169,1.87,0.0,9.1,12.6,6.9,18.8
3,4.0,10.0,0.48,1.0147,2.16,0.0,11.0,14.1,7.0,20.7
1,6.8,14.0,0.49,1.0088,2.28,0.0,12.0,14.1,8.8,20.0
4,5.8,11.0,0.49,1.0073,2.22,0.0,11.3,12.9,8.5,19.1
0,6.0,12.0,0.46,1.0091,2.38,0.0,12.2,10.0,5.1,15.8
0,5.5,12.0,0.54,1.018,2.44,0.0,12.2,5.8,1.3,10.4
0,4.3,10.0,0.54,1.021,2.5,0.0,12.2,6.9,0.2,12.8
0,4.0,11.0,0.48,1.0217,2.49,0.0,12.2,7.1,1.8,12.9
4,3.5,9.0,0.48,1.0202,1.81,0.0,6.7,7.1,0.8,11.6
1,5.8,14.0,0.52,1.0163,2.28,0.0,11.0,7.0,2.5,11.6
4,4.0,10.0,0.64,1.0085,1.69,0.0,5.4,6.7,1.8,11.5
4,5.7,12.0,0.68,1.0032,1.88,0.0,6.8,8.7,2.9,13.8
8,5.1,10.0,0.74,1.0056,0.5,0.0,0.0,7.0,3.8,10.0
6,2.8,9.0,0.8,1.0106,1.56,0.31,3.1,5.9,0.1,11.2
8,3.1,6.0,0.91,1.0149,0.23,0.8,0.0,5.1,2.2,6.7
8,3.1,6.0,0.95,1.0152,0.34,1.1,0.0,6.9,5.0,8.4
7,2.2,5.0,0.89,1.0164,0.68,0.33,0.5,8.1,4.9,12.0
7,3.8,10.0,0.8,1.0173,1.27,0.34,2.6,9.1,5.9,12.8
6,2.3,7.0,0.83,1.0219,1.45,0.11,4.9,7.8,4.3,13.3
3,2.1,7.0,0.81,1.0307,2.29,0.0,7.8,8.2,1.9,13.5
1,1.7,5.0,0.68,1.0352,2.61,0.0,11.6,10.9,3.1,17.3
6,2.7,8.0,0.65,1.0317,1.94,0.0,5.8,13.7,5.5,19.6
6,3.1,7.0,0.71,1.0301,1.5,0.0,3.5,14.1,10.2,18.4
5,2.3,6.0,0.78,1.0265,1.53,0.0,3.3,15.0,9.5,20.3
6,3.2,8.0,0.85,1.0211,1.76,0.0,5.2,12.4,8.4,16.1
6,6.3,19.0,0.88,1.0078,0.69,0.51,0.0,8.5,4.8,12.7
5,6.2,15.0,0.74,1.0098,1.94,0.21,6.0,8.4,5.4,13.5
7,7.3,18.0,0.83,1.001,0.92,0.77,1.2,9.8,7.5,13.1
5,9.5,23.0,0.74,1.0041,1.6,1.2,5.6,9.0,3.2,12.1
6,7.0,16.0,0.67,1.0068,1.71,0.01,5.0,12.0,7.3,16.3
7,6.7,18.0,0.7,1.0056,2.09,0.09,7.3,12.3,9.0,15.6
7,4.1,12.0,0.79,1.0088,1.63,0.11,2.6,11.0,7.4,15.3
7,3.3,10.0,0.75,1.0151,1.23,0.0,0.9,9.5,5.4,12.8
8,5.3,12.0,0.91,1.0161,0.31,0.87,0.0,7.6,6.1,8.6
8,3.2,10.0,0.96,1.0158,0.31,2.43,0.0,7.4,5.0,9.4
8,2.3,6.0,0.83,1.0224,1.28,0.05,0.9,9.9,7.0,12.8
4,3.6,9.0,0.73,1.0213,2.89,0.0,12.5,12.7,4.8,17.9
5,4.7,10.0,0.85,1.0139,1.85,0.0,7.3,13.1,9.0,16.3
7,2.4,8.0,0.89,1.0077,1.38,0.0,2.7,15.2,9.9,20.2
7,2.8,8.0,0.91,1.0077,1.03,0.04,1.0,15.3,12.8,19.3
7,2.9,9.0,0.83,1.0099,1.32,0.0,0.9,14.3,12.4,16.8
7,2.0,5.0,0.91,1.0146,0.74,0.09,0.7,12.5,9.1,15.2
4,4.0,17.0,0.7,1.0135,2.86,0.0,11.1,15.9,7.2,21.9
6,7.1,21.0,0.81,1.0171,1.6,0.46,3.7,12.5,10.2,17.2
5,4.3,10.0,0.7,1.0254,2.41,0.0,8.5,14.8,10.2,19.3
3,1.9,7.0,0.63,1.0206,3.13,0.0,13.4,17.9,10.1,24.2
4,2.8,8.0,0.67,1.0124,2.96,0.0,13.3,18.9,10.1,25.0
6,4.9,12.0,0.76,1.0159,1.26,0.13,1.0,15.8,11.9,19.2
7,3.4,9.0,0.67,1.0198,1.93,0.0,4.1,15.7,10.0,20.9
5,2.9,8.0,0.66,1.0149,2.73,0.0,8.9,16.9,10.1,22.8
4,4.3,18.0,0.64,1.0048,2.92,0.55,12.0,19.0,12.2,26.0
8,4.3,10.0,0.74,1.0021,0.67,0.18,0.0,16.3,12.9,19.4
6,3.6,13.0,0.7,1.0085,2.23,0.0,6.8,14.9,11.4,19.5
6,5.5,16.0,0.78,1.0099,1.44,0.06,3.8,12.8,9.0,16.8
5,4.1,13.0,0.74,1.0125,2.23,0.38,6.2,12.2,7.8,17.6
5,5.1,15.0,0.72,1.0079,2.08,0.09,7.4,13.0,7.8,17.2
4,3.4,9.0,0.68,1.0077,2.44,0.0,8.0,13.7,9.3,18.4
4,4.3,12.0,0.67,1.0099,3.08,0.0,10.1,14.3,6.9,19.3
5,5.9,17.0,0.7,1.0166,2.34,0.07,6.8,13.1,9.1,17.4
5,3.3,12.0,0.69,1.0237,2.56,0.0,8.1,13.9,7.2,19.4
3,3.9,9.0,0.62,1.026,2.78,0.0,10.2,15.0,10.1,19.8
1,3.2,8.0,0.58,1.0255,3.5,0.0,15.0,14.8,7.6,20.6
4,4.1,10.0,0.52,1.0191,3.16,0.0,12.6,18.2,9.3,24.9
7,2.5,10.0,0.64,1.0103,1.7,0.16,3.1,18.7,12.4,23.5
5,2.8,12.0,0.6,1.0064,3.23,0.05,12.0,19.5,10.8,26.0
7,4.8,12.0,0.82,0.9976,0.75,0.34,0.4,17.9,15.0,21.9
7,3.6,9.0,0.7,1.0031,2.29,0.0,5.7,16.8,13.7,22.0
7,4.0,11.0,0.75,1.0056,1.68,0.0,4.6,15.6,13.4,19.4
7,2.6,9.0,0.64,1.0086,2.05,0.0,3.5,16.9,13.0,21.6
5,3.6,10.0,0.64,1.0088,2.43,0.17,7.1,17.2,11.6,23.2
7,5.1,11.0,0.83,1.0123,1.42,0.62,1.7,12.8,11.0,16.8
7,4.1,16.0,0.81,1.0154,1.54,0.58,3.5,13.7,10.8,18.0
8,5.4,14.0,0.89,1.0152,0.99,1.15,1.0,15.4,11.6,19.4
8,5.6,13.0,0.87,1.0167,0.67,0.19,0.6,14.8,12.2,17.7
7,3.9,14.0,0.77,1.0159,2.32,0.93,4.1,19.9,14.9,25.5
7,4.3,11.0,0.77,1.0158,2.08,0.05,3.9,18.3,15.8,20.8
6,2.8,10.0,0.74,1.0186,2.3,0.08,7.1,19.7,14.7,25.7
4,2.1,8.0,0.68,1.0169,3.16,0.0,13.1,25.5,16.1,31.6
3,4.5,14.0,0.65,1.0159,2.98,0.0,10.1,25.2,16.7,33.6
5,2.2,7.0,0.71,1.0223,2.34,0.01,8.1,19.2,13.8,24.0
7,3.0,13.0,0.88,1.0191,1.06,1.28,1.1,17.4,14.1,20.8
6,2.5,9.0,0.73,1.0216,2.26,0.0,5.4,17.8,12.9,22.5
6,3.9,10.0,0.69,1.0198,2.66,0.0,5.4,20.7,15.7,25.8
6,3.3,10.0,0.68,1.021,2.49,0.01,6.4,17.4,14.6,21.1
3,2.9,9.0,0.59,1.0253,3.24,0.0,13.1,17.1,12.7,21.6
1,1.8,5.0,0.6,1.0273,3.42,0.0,14.4,17.3,9.4,23.0
1,2.8,9.0,0.64,1.0216,3.37,0.0,14.3,18.5,11.3,24.0
4,4.7,13.0,0.67,1.0158,2.5,0.0,7.8,15.3,10.5,20.7
5,4.4,12.0,0.72,1.0193,1.69,0.07,2.6,12.8,8.1,16.5
5,3.5,10.0,0.68,1.021,2.26,0.1,6.4,14.4,10.2,19.7
5,5.7,11.0,0.7,1.016,2.33,0.0,6.8,15.3,8.5,19.1
8,7.0,15.0,0.86,1.0065,0.66,1.27,0.0,14.0,11.9,15.0
7,6.7,19.0,0.81,1.0044,1.59,0.37,2.5,14.0,11.8,17.5
8,7.1,16.0,0.88,1.0014,1.07,1.22,2.1,14.4,12.6,18.3
6,5.2,11.0,0.76,1.0151,1.85,0.0,3.7,15.4,12.3,19.6
7,4.4,13.0,0.69,1.0136,2.26,0.08,3.3,16.9,13.3,22.8
7,3.0,8.0,0.82,1.015,1.57,0.01,1.8,16.4,13.0,20.6
6,3.9,11.0,0.75,1.0175,2.0,0.0,4.8,17.2,13.6,20.9
2,3.9,12.0,0.65,1.0124,3.32,0.0,14.7,20.6,12.7,26.6
5,3.3,13.0,0.72,1.0083,1.94,0.0,4.4,21.2,15.1,27.1
7,2.5,8.0,0.84,1.0122,0.78,1.25,1.3,14.0,11.7,18.3
4,4.3,12.0,0.72,1.0195,2.95,0.0,10.7,15.7,11.1,20.8
5,1.6,6.0,0.64,1.02,2.61,0.03,7.6,18.2,11.1,23.3
7,2.4,8.0,0.85,1.0169,1.59,2.87,3.8,17.6,15.2,22.0
8,3.9,10.0,0.89,1.0222,0.66,0.4,0.1,17.5,15.9,20.5
6,4.3,11.0,0.83,1.0203,1.15,0.04,4.4,18.8,15.7,23.3
6,5.0,11.0,0.72,1.0161,1.56,0.0,3.8,19.2,14.5,23.9
7,3.9,10.0,0.79,1.0162,1.38,0.45,2.1,18.3,14.5,23.0
5,3.9,10.0,0.72,1.0184,2.2,0.0,5.8,16.1,12.7,20.8
2,2.5,8.0,0.69,1.0192,2.81,0.0,9.7,15.1,11.1,19.1
3,2.3,13.0,0.71,1.0161,3.11,2.36,11.9,17.1,9.7,23.9
6,4.5,13.0,0.81,1.0149,2.0,0.24,5.4,15.6,13.1,19.2
7,3.3,8.0,0.71,1.019,1.91,0.0,4.8,16.5,13.2,20.5
8,5.7,13.0,0.76,1.0137,1.47,0.09,1.3,17.3,13.8,20.8
7,4.5,11.0,0.79,1.0139,1.25,0.09,1.7,16.7,14.6,20.3
7,2.8,8.0,0.73,1.0161,1.99,0.01,4.3,17.4,13.9,21.0
6,3.5,8.0,0.83,1.0178,1.01,0.0,1.1,18.2,15.0,22.1
1,1.7,7.0,0.73,1.019,2.89,0.0,12.1,22.8,16.5,28.5
0,2.0,7.0,0.62,1.0184,3.08,0.0,14.3,24.0,17.2,29.9
0,2.1,7.0,0.55,1.017,3.02,0.0,14.2,25.1,17.4,30.6
4,2.0,12.0,0.7,1.0108,2.24,0.39,8.3,23.5,18.5,31.5
7,2.3,7.0,0.84,1.0089,1.29,0.0,2.2,20.4,17.7,24.0
7,3.0,9.0,0.85,1.012,1.46,1.4,5.1,17.8,15.3,21.1
5,3.0,14.0,0.72,1.0139,2.33,0.29,7.2,18.3,14.6,23.8
6,2.3,10.0,0.89,1.0131,1.41,0.87,2.8,15.9,13.3,21.5
6,2.6,9.0,0.79,1.0125,2.03,0.01,5.3,17.2,13.6,22.1
5,3.3,10.0,0.83,1.0132,1.48,0.0,1.9,16.2,13.2,19.3
6,2.6,8.0,0.87,1.0128,1.1,0.02,3.2,16.2,12.9,20.7
4,1.8,5.0,0.81,1.0158,2.46,0.0,8.1,17.7,12.5,23.6
6,2.0,6.0,0.86,1.0124,1.63,0.03,3.0,18.0,14.3,22.8
6,2.5,8.0,0.87,1.0057,1.21,2.13,0.7,17.3,13.6,21.7
7,1.9,4.0,0.83,1.0047,1.26,0.0,1.0,17.5,14.7,20.6
6,2.8,8.0,0.81,1.0064,1.15,0.01,2.7,18.3,15.3,22.1
6,3.9,10.0,0.82,1.0118,1.49,0.06,3.3,17.2,13.8,21.9
5,2.7,7.0,0.77,1.0199,1.91,0.0,6.0,18.7,14.6,23.3
1,1.8,5.0,0.74,1.0204,2.49,0.0,11.6,20.1,13.5,25.7
2,1.7,5.0,0.67,1.018,2.38,0.0,11.5,21.6,14.8,27.4
2,1.9,6.0,0.61,1.0181,2.64,0.0,12.5,22.6,15.4,28.0
1,2.1,7.0,0.63,1.0157,2.57,0.0,11.9,22.9,16.0,28.6
2,2.1,8.0,0.64,1.0127,2.35,0.0,10.2,23.6,16.7,29.8
6,3.3,14.0,0.8,1.0141,1.75,2.17,6.2,21.7,17.8,29.8
7,2.3,9.0,0.84,1.0137,0.93,3.69,0.9,19.9,15.8,25.0
8,3.6,8.0,0.96,1.0154,0.33,2.45,0.0,16.4,15.0,18.4
7,2.0,9.0,0.88,1.0184,0.79,0.0,0.1,16.3,14.8,18.3
7,2.4,5.0,0.91,1.0184,0.77,0.06,1.5,17.3,15.5,20.1
7,2.8,10.0,0.92,1.0191,0.74,1.19,0.5,16.6,13.9,20.1
6,2.3,6.0,0.8,1.0232,1.47,0.0,3.8,17.4,13.7,21.5
6,4.4,9.0,0.85,1.0182,1.22,0.0,0.8,18.9,15.0,22.8
7,2.3,7.0,0.94,1.0146,0.48,0.0,0.0,18.8,16.7,21.1
6,3.6,8.0,0.88,1.016,1.27,0.17,3.8,20.3,17.7,24.8
5,1.5,5.0,0.86,1.0186,1.44,0.0,2.6,19.2,15.7,23.6
5,2.5,7.0,0.86,1.0194,1.58,0.0,6.6,17.9,14.8,23.3
6,3.2,10.0,0.85,1.0218,1.13,0.13,2.6,17.1,14.6,21.8
5,3.0,8.0,0.71,1.029,1.58,0.0,4.1,15.3,12.0,19.0
3,3.8,12.0,0.7,1.0271,2.35,0.0,12.1,16.2,9.8,22.0
2,3.8,11.0,0.69,1.0174,2.02,0.0,10.3,15.7,11.2,22.5
6,2.5,8.0,0.84,1.0121,1.42,0.18,3.8,15.9,9.5,21.2
5,2.8,7.0,0.81,1.0149,1.78,0.0,6.3,17.1,13.4,21.9
5,4.5,10.0,0.78,1.0165,1.59,0.0,6.5,16.4,12.7,20.7
6,4.5,13.0,0.73,1.0125,1.59,0.0,5.7,17.4,14.1,21.9
5,3.1,9.0,0.72,1.011,1.89,0.01,7.9,18.6,12.6,24.5
6,3.7,11.0,0.74,1.012,1.21,0.0,3.1,18.3,13.4,23.3
7,1.5,6.0,0.8,1.0209,1.1,0.03,1.1,15.3,12.9,18.8
7,2.1,8.0,0.88,1.025,1.07,0.31,2.2,15.0,13.2,18.6
4,3.9,11.0,0.8,1.0245,1.7,0.0,7.3,16.9,12.8,22.6
1,3.4,8.0,0.73,1.0243,2.11,0.0,12.0,15.7,9.4,22.0
6,2.4,7.0,0.83,1.0227,0.82,0.0,0.6,15.0,11.2,18.8
4,3.1,9.0,0.73,1.0218,1.86,0.0,7.3,15.2,10.3,19.7
5,1.6,6.0,0.8,1.0201,1.28,0.0,4.5,13.1,6.9,18.5
6,1.3,3.0,0.79,1.0185,1.02,0.0,2.1,13.9,9.8,18.1
6,2.0,7.0,0.78,1.0168,1.07,0.0,1.9,13.7,10.6,18.0
7,3.3,7.0,0.74,1.016,1.38,0.0,3.8,14.3,10.7,18.6
6,1.9,5.0,0.78,1.0198,0.92,0.0,1.5,14.3,10.9,17.6
6,1.5,5.0,0.82,1.0175,0.69,0.0,0.6,13.2,11.1,16.2
7,3.0,10.0,0.88,1.0114,0.95,0.74,4.0,12.0,9.2,16.7
5,6.6,15.0,0.75,1.0162,1.26,0.05,4.5,11.1,7.5,14.8
2,5.3,15.0,0.69,1.0212,1.9,0.0,9.8,9.6,6.5,14.3
8,3.0,7.0,0.95,1.0183,0.38,0.87,0.0,9.4,5.5,12.3
7,2.7,8.0,0.91,1.017,0.64,0.67,1.2,11.6,10.2,13.5
6,2.1,5.0,0.88,1.0238,1.02,0.0,3.1,12.9,9.4,17.4
4,1.6,5.0,0.83,1.0287,1.45,0.0,6.4,11.4,5.9,17.4
2,2.3,7.0,0.78,1.0289,1.6,0.0,9.3,12.3,6.5,18.4
2,1.9,4.0,0.69,1.0258,1.73,0.0,10.5,12.7,6.4,19.7
5,1.9,5.0,0.74,1.0231,1.46,0.0,7.7,14.0,6.8,21.1
7,2.3,5.0,0.79,1.0212,1.12,0.0,4.9,15.1,9.1,20.5
8,4.1,9.0,0.9,1.0227,0.48,0.3,0.0,15.2,13.3,16.9
4,2.4,8.0,0.83,1.0266,1.28,0.0,6.5,12.9,8.7,17.5
7,4.6,11.0,0.94,1.0219,0.38,0.44,0.0,11.7,7.8,14.0
6,5.0,15.0,0.86,1.0158,0.44,0.21,1.7,10.7,5.8,13.1
6,2.6,7.0,0.89,1.0186,0.91,0.02,2.4,8.1,1.6,13.4
4,4.0,8.0,0.82,1.0149,1.17,0.0,5.3,7.7,4.1,11.6
2,6.7,13.0,0.73,1.0092,1.5,0.0,10.0,8.8,3.5,14.1
5,6.1,13.0,0.76,1.0099,1.36,0.0,9.0,9.2,5.3,14.0
5,3.7,9.0,0.8,1.014,0.73,0.0,1.8,7.1,3.0,10.5
8,2.2,6.0,0.82,1.012,0.5,0.05,0.2,8.4,6.9,10.6
8,2.4,8.0,0.89,1.0113,0.65,0.02,1.6,9.9,7.5,13.0
8,7.4,20.0,0.82,1.0067,0.15,0.24,0.0,11.2,10.1,12.1
7,3.9,12.0,0.88,1.0076,0.34,0.04,0.0,11.9,9.4,14.2
6,5.5,18.0,0.86,1.0002,0.4,0.6,1.1,12.2,10.3,15.2
6,3.6,12.0,0.86,1.0019,0.77,0.02,3.2,9.5,5.9,12.9
6,4.8,12.0,0.88,1.008,0.66,1.21,1.8,7.2,4.7,11.3
5,4.1,10.0,0.86,1.018,0.71,0.01,3.4,6.1,1.8,9.5
6,3.8,10.0,0.77,1.0165,0.72,0.0,2.8,6.6,2.1,10.7
7,4.4,11.0,0.9,0.9993,0.22,0.29,0.7,12.3,6.5,15.7
7,6.2,16.0,0.84,0.9909,0.53,0.08,2.4,14.1,11.9,17.2
5,7.2,17.0,0.8,0.9991,0.68,0.43,3.7,10.1,6.8,13.9
4,5.4,12.0,0.79,1.0099,0.99,0.0,7.5,8.6,5.0,12.4
7,7.3,23.0,0.87,0.9992,0.19,0.88,0.2,12.0,10.0,13.7
5,9.0,24.0,0.71,1.0114,0.77,0.14,5.3,11.4,9.2,14.5
7,12.0,31.0,0.75,1.0075,0.63,1.79,4.3,12.3,9.3,16.7
2,5.5,13.0,0.75,1.028,0.87,0.0,7.4,8.1,4.1,12.1
7,3.2,8.0,0.76,1.0191,0.37,0.0,0.0,9.3,5.5,12.0
8,2.8,8.0,0.97,1.0147,0.12,0.6,0.0,10.3,9.1,11.4
6,1.4,4.0,0.97,1.0192,0.28,0.02,0.8,8.5,4.3,11.2
8,4.6,12.0,0.92,1.0166,0.23,0.61,0.9,11.4,4.7,13.9
7,4.2,12.0,0.9,1.0117,0.69,0.66,4.7,13.0,11.5,15.6
6,5.4,15.0,0.85,1.0064,0.63,1.21,4.7,12.0,8.1,14.6
6,3.6,9.0,0.91,1.0153,0.4,0.15,2.3,9.2,7.9,11.9
6,1.9,4.0,0.97,1.0246,0.33,0.0,1.4,7.7,3.5,10.0
4,4.5,10.0,0.85,1.018,0.78,0.48,6.7,7.2,3.0,11.3
7,3.9,11.0,0.9,1.0125,0.26,0.96,0.5,6.6,4.4,8.2
7,7.5,20.0,0.9,1.0096,0.33,0.95,0.5,6.0,2.2,9.1
6,4.1,16.0,0.89,1.0035,0.57,0.64,4.0,7.7,2.0,10.7
7,3.8,10.0,0.94,1.0066,0.32,0.97,0.2,6.3,0.9,10.8
5,5.2,12.0,0.89,1.0054,0.6,0.4,5.5,10.4,8.3,12.5
7,6.8,14.0,0.83,1.0071,0.59,0.13,5.9,10.1,7.9,12.4
7,5.6,15.0,0.84,0.9961,0.3,0.31,1.7,9.9,6.7,11.7
6,5.6,13.0,0.75,0.9892,0.33,0.0,3.0,10.6,6.7,12.5
7,2.1,7.0,0.89,0.9943,0.3,0.0,0.2,7.6,5.1,10.9
8,2.8,8.0,0.98,0.9986,0.2,0.13,0.0,7.2,5.3,8.5
7,3.8,8.0,0.92,1.0097,0.3,0.06,1.0,8.7,6.6,11.0
7,2.5,5.0,0.92,1.0143,0.26,0.0,0.2,8.3,5.5,10.3
7,2.2,5.0,0.91,1.0134,0.22,0.0,0.0,7.1,4.9,8.7
4,2.8,6.0,0.88,1.009,0.52,0.0,5.9,6.6,3.1,10.6
7,5.5,18.0,0.77,0.9968,0.28,0.0,1.7,11.2,7.6,14.3
4,4.1,11.0,0.83,1.0003,0.32,0.0,1.7,8.4,6.0,10.9
3,3.7,9.0,0.82,1.0058,0.53,0.44,5.5,8.5,4.9,12.3
5,3.0,6.0,0.9,1.0083,0.39,0.0,2.5,7.3,5.4,9.8
8,3.1,9.0,0.93,1.0032,0.1,0.37,0.5,8.1,6.1,10.4
6,2.6,8.0,0.94,1.0145,0.2,0.0,0.9,7.0,2.6,9.2
1,2.8,6.0,0.9,1.0149,0.57,0.0,7.2,5.5,1.5,9.9
7,3.6,9.0,0.86,1.0109,0.31,0.02,2.1,7.6,3.9,10.8
7,2.9,8.0,0.87,1.014,0.38,0.0,1.8,8.6,5.3,10.8
8,2.9,6.0,0.95,1.0206,0.18,0.07,0.2,7.4,5.8,8.7
7,5.4,12.0,0.87,1.0091,0.33,0.6,1.9,7.0,5.1,9.1
6,5.3,13.0,0.9,1.002,0.11,0.2,0.0,6.5,5.0,7.3
8,1.8,5.0,0.94,1.0117,0.35,0.11,2.4,6.9,5.1,9.3
5,2.6,7.0,0.92,1.0149,0.36,0.0,3.2,5.1,3.3,7.7
7,3.5,9.0,0.9,1.021,0.24,0.0,0.3,4.7,2.6,6.7
8,5.6,11.0,0.87,1.0269,0.1,0.0,0.0,1.5,0.0,4.6
8,4.7,10.0,0.88,1.0247,0.12,0.0,0.3,0.6,-0.8,1.4
4,4.6,10.0,0.78,1.0259,0.2,0.0,1.0,-1.1,-3.1,0.7
0,4.8,10.0,0.71,1.0266,0.48,0.0,6.6,-4.7,-7.1,-2.2
3,7.2,13.0,0.66,1.0239,0.39,0.0,3.8,-4.2,-7.6,-1.7
0,7.3,14.0,0.67,1.0227,0.51,0.0,6.6,-4.7,-7.0,-1.7
5,2.8,6.0,0.74,1.0213,0.23,0.0,1.5,-2.2,-4.7,1.5
7,1.3,4.0,0.9,1.0237,0.2,0.0,0.7,0.7,-4.5,4.0
8,3.6,9.0,0.93,1.0193,0.14,0.0,0.0,2.7,1.3,4.8
8,4.4,11.0,0.91,1.0105,0.15,0.3,0.3,4.5,1.7,8.5
8,6.8,14.0,0.94,1.0121,0.12,0.37,0.0,6.1,3.6,7.8
8,4.0,9.0,0.94,1.0229,0.04,0.07,0.0,1.3,-0.7,3.6
3,2.7,8.0,0.87,1.0321,0.47,0.0,6.5,-0.7,-2.9,1.2
1,3.3,8.0,0.87,1.0294,0.49,0.0,6.7,0.0,-3.4,3.2
6,3.3,7.0,0.92,1.0198,0.23,0.0,0.6,1.0,-3.4,3.9
8,1.6,4.0,0.99,1.018,0.1,0.13,0.0,4.4,3.0,5.6
8,6.0,15.0,0.95,1.0082,0.03,1.92,0.0,9.2,5.4,11.9
8,2.7,8.0,0.95,1.0122,0.12,0.08,0.2,7.6,5.9,10.3
8,5.2,10.0,0.89,1.0113,0.15,0.08,0.2,10.6,9.6,11.2
7,3.5,8.0,0.88,1.0137,0.2,0.01,0.2,10.3,8.4,12.0
6,5.4,12.0,0.87,1.0051,0.14,0.31,1.2,9.8,6.8,11.4
8,4.9,11.0,0.86,0.9958,0.11,0.22,0.0,11.7,10.8,12.5
8,5.0,11.0,0.91,1.0002,0.06,0.18,0.0,8.9,7.3,11.3
8,6.7,16.0,0.93,1.0031,0.07,2.65,0.0,8.7,6.4,12.2
8,7.9,19.0,0.91,0.9994,0.06,1.07,0.0,10.7,3.6,12.6
8,4.0,10.0,0.9,1.0111,0.08,0.3,0.0,1.1,0.4,3.7
8,6.6,19.0,0.91,1.002,0.1,1.53,0.3,6.0,1.1,11.4
7,8.6,21.0,0.88,0.9878,0.21,0.92,2.0,9.8,7.5,13.2
8,6.7,16.0,0.9,0.9968,0.15,0.9,0.2,7.2,2.5,8.8
8,6.5,12.0,0.76,1.0087,0.16,0.0,0.5,-0.9,-2.3,2.5
7,3.7,8.0,0.85,1.0139,0.36,0.02,2.3,-2.5,-5.5,-0.7
7,4.6,12.0,0.82,1.0153,0.21,0.09,1.5,-2.1,-4.6,-0.4
7,3.8,8.0,0.8,1.02,0.29,0.0,1.5,-4.9,-6.1,-2.9
1,4.0,8.0,0.65,1.0173,0.57,0.0,7.2,-7.7,-9.8,-5.5
0,4.1,9.0,0.66,1.0196,0.52,0.0,7.2,-7.9,-10.2,-4.5
6,2.6,7.0,0.76,1.0255,0.36,0.0,2.3,-6.1,-11.7,-2.3
2,2.6,7.0,0.84,1.0349,0.55,0.0,6.2,-4.3,-7.8,-0.9
6,3.4,9.0,0.88,1.0348,0.18,0.0,0.5,-3.0,-8.3,0.6
8,7.3,14.0,0.95,1.0278,0.04,0.14,0.0,3.1,-1.1,5.9
8,7.3,14.0,0.91,1.0302,0.09,0.02,0.0,5.8,5.1,6.7
8,8.5,16.0,0.82,1.0257,0.13,0.51,0.0,4.4,3.4,5.3
6,5.8,10.0,0.92,1.028,0.37,0.0,4.0,3.9,1.6,6.3
3,5.5,13.0,0.82,1.0207,0.59,0.0,7.0,3.0,0.5,6.1
5,5.0,11.0,0.91,1.0174,0.14,0.0,0.0,2.6,-0.6,4.2
7,6.2,18.0,0.82,1.0056,0.17,0.04,0.0,5.1,-0.9,7.6
7,7.1,15.0,0.81,1.0012,0.25,0.22,1.2,7.8,5.6,9.7
7,5.2,13.0,0.82,0.991,0.32,0.0,2.4,7.8,6.5,10.0
8,5.8,14.0,0.87,0.9948,0.21,0.23,1.0,6.9,5.5,8.4
8,4.9,11.0,0.91,1.0188,0.04,0.09,0.0,5.5,2.6,6.9
3,2.1,5.0,0.85,1.0375,0.65,0.0,6.3,1.9,-1.3,5.3
4,5.4,13.0,0.84,1.0323,0.63,0.07,7.2,2.6,-0.9,5.4
8,5.7,12.0,0.96,1.0287,0.22,0.36,0.5,4.7,2.5,7.0
8,5.4,13.0,0.97,1.0251,0.09,0.21,0.0,8.8,6.3,10.0
8,7.8,22.0,0.85,1.0125,0.2,1.0,0.3,4.7,0.2,8.7
8,5.8,15.0,0.92,1.001,0.12,0.69,0.6,2.9,1.5,4.7
7,5.0,16.0,0.91,1.0029,0.25,0.79,0.8,-0.4,-3.1,2.1
6,2.8,11.0,0.75,1.0182,0.72,0.0,6.2,-3.9,-6.7,-2.2
6,5.4,12.0,0.83,1.0181,0.54,0.49,4.4,-3.5,-8.1,-1.0
8,7.3,15.0,0.92,1.0067,0.22,0.35,0.3,2.4,-1.0,4.8
5,6.4,16.0,0.84,0.9937,0.3,0.76,0.2,3.2,-0.2,5.5
6,5.2,13.0,0.88,0.9948,0.55,0.38,4.3,1.0,-0.9,3.5
6,4.0,10.0,0.9,1.0073,0.45,0.09,3.0,1.9,0.5,4.6
7,3.1,9.0,0.85,1.0199,0.66,0.09,4.9,1.1,-0.8,3.1
8,5.2,10.0,0.94,1.022,0.17,0.1,0.0,2.4,0.7,3.7
8,3.6,8.0,0.96,1.0235,0.34,0.03,0.6,5.1,3.3,6.9
7,2.8,7.0,0.89,1.0203,0.17,0.0,0.0,4.5,-0.2,6.5
3,1.5,5.0,0.88,1.024,0.84,0.0,6.4,0.9,-3.1,4.6
0,2.3,8.0,0.88,1.0278,1.05,0.0,8.9,-0.6,-4.1,4.8
1,3.7,9.0,0.86,1.0291,1.1,0.0,9.0,-2.5,-5.7,0.4
0,3.3,9.0,0.75,1.028,1.1,0.0,8.7,-2.5,-5.9,1.4
1,3.8,8.0,0.63,1.0296,1.06,0.0,8.7,-1.8,-5.7,2.6
4,4.0,10.0,0.8,1.0348,0.72,0.0,5.0,-2.8,-5.4,-0.7
4,4.1,10.0,0.65,1.0364,1.07,0.0,7.6,-1.5,-5.7,1.2
1,3.8,9.0,0.71,1.0366,1.12,0.0,9.1,-2.6,-6.4,2.1
0,3.4,9.0,0.64,1.0285,1.2,0.0,9.3,-1.9,-7.1,3.4
0,5.7,12.0,0.64,1.019,1.18,0.0,9.0,0.2,-4.9,5.6
0,3.0,10.0,0.66,1.0158,1.21,0.0,9.1,1.9,-3.3,8.3
0,2.0,6.0,0.68,1.0221,1.17,0.0,9.3,2.8,-2.1,8.5
0,2.1,5.0,0.73,1.0254,1.21,0.0,9.3,2.2,-3.6,9.4
0,3.3,7.0,0.67,1.0281,1.18,0.0,9.3,5.8,-1.4,13.6
0,2.8,7.0,0.62,1.0274,1.23,0.0,9.2,6.5,0.5,14.3
0,3.1,6.0,0.63,1.0207,1.36,0.0,9.5,4.3,-2.0,11.8
4,2.3,7.0,0.66,1.0147,0.51,0.01,2.9,5.3,-0.1,9.4
6,2.7,9.0,0.61,1.0163,1.05,0.0,5.8,9.3,3.6,15.5
6,4.5,10.0,0.74,1.0211,1.03,0.43,5.3,9.5,5.9,14.4
7,4.3,10.0,0.87,1.0171,1.05,1.02,5.8,9.3,6.3,13.2
8,4.1,10.0,0.93,1.0105,0.46,1.01,0.6,8.0,5.3,10.2
6,2.3,6.0,0.89,1.0202,0.79,0.22,3.0,5.2,1.6,8.7
5,3.5,10.0,0.79,1.021,1.09,0.01,7.4,6.5,0.0,11.3
7,3.8,9.0,0.79,1.0166,0.97,0.01,3.8,11.0,8.3,15.3
6,3.7,12.0,0.88,1.0155,0.19,0.49,0.3,7.1,1.5,10.7
4,4.7,15.0,0.83,1.0204,1.11,0.01,6.4,5.9,0.8,9.8
7,8.9,15.0,0.76,1.0195,0.88,0.0,3.3,8.1,5.5,10.5
6,7.4,16.0,0.68,1.0207,1.25,0.0,6.0,10.5,8.1,15.1
6,5.9,12.0,0.79,1.0233,0.83,0.0,2.2,10.0,6.1,13.2
8,6.4,18.0,0.89,1.0162,0.21,1.66,0.0,10.8,8.6,12.3
8,4.8,10.0,0.86,1.0252,0.56,0.05,1.4,7.5,5.8,9.3
2,4.2,10.0,0.76,1.036,1.56,0.0,7.7,4.8,1.9,8.8
0,4.7,12.0,0.62,1.035,1.81,0.0,10.7,4.9,-0.8,9.9
0,4.5,14.0,0.66,1.0396,1.78,0.0,10.7,5.0,-1.2,11.0
0,3.2,8.0,0.65,1.0416,1.84,0.0,10.9,5.7,-0.7,12.1
2,3.4,11.0,0.72,1.0354,1.78,0.0,10.0,5.4,-0.1,12.7
0,3.0,8.0,0.79,1.0333,1.76,0.0,10.8,5.2,-0.6,11.0
0,2.3,7.0,0.74,1.0298,1.83,0.0,11.0,6.6,0.9,13.2
4,1.7,5.0,0.82,1.0278,1.2,0.0,5.1,4.2,1.2,9.1
2,3.8,10.0,0.71,1.0253,1.88,0.0,10.7,5.2,0.7,10.5
0,5.0,10.0,0.5,1.0251,2.04,0.0,11.1,6.4,0.2,13.5
0,2.0,5.0,0.38,1.0259,1.99,0.0,11.3,9.4,0.6,16.9
3,3.7,10.0,0.45,1.0254,1.87,0.0,10.8,13.7,4.2,20.9
7,1.5,4.0,0.71,1.023,0.84,0.03,1.3,11.6,7.6,15.6
3,2.5,7.0,0.74,1.0192,1.71,0.0,8.1,11.3,6.0,17.1
2,1.8,4.0,0.62,1.0171,1.8,0.0,10.2,11.9,5.4,18.7
3,2.8,8.0,0.57,1.0129,1.89,0.0,10.0,14.7,7.0,21.4
8,2.7,10.0,0.73,1.0132,1.17,0.03,1.8,14.2,10.6,19.0
3,3.4,9.0,0.75,1.0169,1.5,0.0,6.3,11.7,6.5,18.4
1,3.1,8.0,0.69,1.0245,2.13,0.0,10.9,7.6,2.8,12.6
4,7.0,18.0,0.69,1.0126,1.38,0.87,5.2,8.8,2.1,15.6
7,5.1,15.0,0.89,1.0087,0.97,0.82,3.1,4.9,2.1,7.9
5,4.4,13.0,0.77,1.0221,1.32,0.0,4.0,4.0,1.1,8.4
5,2.5,8.0,0.77,1.029,1.77,0.0,7.3,6.1,-1.0,11.0
7,6.0,12.0,0.77,1.0274,1.91,0.0,7.2,7.7,4.8,12.8
5,5.4,15.0,0.62,1.0261,1.39,0.0,5.1,4.7,0.5,8.7
1,3.9,10.0,0.48,1.0265,2.52,0.0,12.2,2.1,-2.3,6.6
2,3.1,10.0,0.47,1.0234,2.5,0.0,12.0,2.5,-2.8,7.2
4,3.8,10.0,0.51,1.0151,2.22,0.0,10.4,2.3,-3.2,7.4
7,2.7,8.0,0.79,1.0072,1.2,0.02,4.2,1.4,-1.6,5.3
2,2.8,8.0,0.64,1.0115,2.02,0.0,10.2,4.1,-3.0,9.7
3,1.9,7.0,0.53,1.0159,2.14,0.0,9.0,8.8,-0.4,15.5
2,3.7,10.0,0.55,1.0204,2.34,0.0,11.3,12.5,4.2,18.7
1,6.0,13.0,0.41,1.0174,2.47,0.0,11.3,14.7,7.9,21.5
0,4.8,11.0,0.42,1.0203,2.63,0.0,12.6,17.0,8.1,24.5
0,5.3,14.0,0.42,1.024,2.59,0.0,12.8,17.3,9.6,23.9
0,5.3,12.0,0.38,1.0278,2.59,0.0,12.8,15.9,9.8,22.4
1,5.4,13.0,0.48,1.0265,2.61,0.0,12.4,12.2,6.1,17.4
5,4.8,12.0,0.75,1.0175,0.87,0.0,2.6,6.3,3.3,9.1
4,3.8,8.0,0.73,1.0104,1.84,0.0,8.0,10.1,1.5,17.0
3,2.5,11.0,0.67,1.0125,2.39,0.19,9.5,15.0,5.9,22.6
7,2.6,9.0,0.67,1.0165,1.76,0.01,5.1,13.1,10.2,17.5
0,2.8,8.0,0.67,1.0169,2.55,0.0,11.9,12.7,5.9,18.2
2,1.9,7.0,0.6,1.016,2.41,0.0,9.7,15.8,6.7,22.6
7,2.8,12.0,0.61,1.0124,1.29,0.15,3.0,17.5,10.7,23.9
7,3.8,17.0,0.95,1.0068,0.42,1.35,0.0,13.2,9.4,15.6
7,7.0,17.0,0.83,1.0099,1.16,0.32,2.3,12.0,10.2,15.0
7,5.2,18.0,0.71,1.0038,1.52,0.05,2.9,16.7,11.0,22.9
5,5.7,14.0,0.73,1.0097,2.29,0.22,9.3,14.8,10.0,18.7
7,4.4,17.0,0.89,1.0091,0.65,0.78,0.8,12.4,9.4,15.1
6,6.7,17.0,0.8,1.0164,1.77,0.12,7.2,11.8,8.1,16.2
6,6.0,20.0,0.74,1.0105,1.5,1.66,3.2,13.5,7.8,20.2
5,8.0,20.0,0.72,1.0191,2.25,0.02,9.0,12.0,7.8,16.3
1,4.0,10.0,0.55,1.0164,3.08,0.0,12.6,16.6,6.0,24.4
5,3.5,10.0,0.68,1.0126,2.2,0.05,6.6,18.0,12.4,22.2
7,2.0,8.0,0.88,1.0218,0.69,0.82,0.1,11.5,9.0,14.4
0,3.0,8.0,0.69,1.0238,3.02,0.0,13.6,12.9,6.0,17.9
3,2.8,8.0,0.66,1.0183,2.47,0.05,8.3,15.2,8.4,21.3
7,2.3,7.0,0.91,1.0176,0.77,0.18,0.4,12.6,10.7,14.9
3,2.8,8.0,0.71,1.0209,2.63,0.0,9.6,12.2,7.9,17.3
4,2.3,8.0,0.67,1.0195,2.49,0.0,8.9,14.4,7.4,19.4
7,5.0,13.0,0.7,1.0162,2.04,0.06,5.0,13.0,10.2,16.2
7,4.8,13.0,0.83,1.016,1.75,0.62,5.6,8.6,5.7,12.7
6,4.6,14.0,0.85,1.0201,1.69,0.14,4.8,8.2,4.9,12.8
4,2.3,7.0,0.84,1.0234,1.9,0.54,6.4,8.9,4.9,13.2
4,1.9,7.0,0.66,1.0161,2.79,0.0,10.9,12.2,3.5,17.6
7,5.0,13.0,0.76,1.0106,1.56,0.07,3.4,14.0,10.3,18.2
7,5.5,19.0,0.85,1.012,1.8,0.89,4.2,14.1,11.1,18.5
6,4.6,13.0,0.92,1.0111,0.95,0.73,1.7,12.4,9.7,14.4
6,8.0,22.0,0.74,1.0156,2.08,0.06,6.9,11.6,9.0,15.5
8,5.3,11.0,0.85,1.0221,1.59,0.23,2.8,12.1,9.3,16.5
8,5.4,13.0,0.92,1.0213,0.51,0.45,0.3,13.7,10.9,16.3
7,5.0,13.0,0.83,1.0135,1.25,0.0,1.5,14.8,12.5,18.9
7,2.7,9.0,0.93,1.0078,0.69,1.45,0.0,14.0,11.8,16.7
5,4.3,13.0,0.82,1.0153,1.77,0.0,4.1,12.8,8.0,16.4
2,2.1,6.0,0.72,1.0233,3.02,0.0,12.9,14.4,6.7,19.7
6,2.9,7.0,0.69,1.0248,2.41,0.0,5.1,17.1,11.3,21.7
3,3.3,8.0,0.71,1.0221,2.7,0.0,10.6,18.6,13.1,23.4
0,3.0,8.0,0.69,1.0175,3.15,0.0,14.1,19.6,12.1,24.9
2,2.2,10.0,0.74,1.0138,2.7,0.07,8.7,21.0,13.8,27.8
3,1.8,5.0,0.79,1.0128,2.55,0.0,8.2,21.1,15.6,26.2
1,2.6,9.0,0.71,1.0109,3.04,0.0,13.3,22.2,15.0,27.7
5,3.7,15.0,0.81,1.0099,2.01,0.06,6.0,20.5,16.3,26.3
5,1.9,7.0,0.81,1.0128,2.35,0.02,6.4,20.5,14.0,25.5
4,3.5,14.0,0.73,1.0125,2.71,0.33,9.4,22.9,16.5,29.0
4,2.5,7.0,0.84,1.0196,1.45,0.35,5.1,18.0,14.7,21.1
2,1.7,6.0,0.73,1.0206,3.11,0.0,13.1,19.3,11.7,24.9
1,2.7,8.0,0.68,1.0171,2.98,0.0,12.9,22.5,15.7,27.6
3,3.5,16.0,0.79,1.0129,1.89,0.83,6.8,19.7,12.7,29.5
1,3.8,9.0,0.67,1.0197,3.25,0.0,14.6,16.5,10.4,21.6
5,3.2,9.0,0.78,1.0145,1.64,0.15,3.4,20.8,13.1,28.1
5,3.3,9.0,0.72,1.02,2.96,0.0,10.1,19.9,16.7,23.9
4,2.1,10.0,0.67,1.0195,2.33,0.0,7.1,21.1,14.2,26.5
2,2.3,6.0,0.62,1.0227,3.38,0.0,14.3,19.5,14.8,24.5
5,3.3,10.0,0.74,1.0207,2.03,0.61,6.0,17.8,13.1,21.9
0,3.1,7.0,0.67,1.0196,3.18,0.0,13.0,18.4,12.2,23.8
0,2.8,8.0,0.61,1.0165,3.34,0.0,14.4,19.3,13.2,24.4
4,2.5,8.0,0.63,1.0125,2.66,0.0,8.0,21.0,14.1,27.4
7,5.8,10.0,0.78,1.0187,1.64,0.0,3.0,18.5,15.3,22.7
8,7.2,14.0,0.84,1.0211,1.19,0.0,1.1,18.3,15.7,20.2
3,4.6,14.0,0.64,1.0206,2.92,0.0,12.2,16.8,11.9,20.6
2,1.8,7.0,0.64,1.0197,3.07,0.0,13.2,16.2,7.8,21.6
4,2.2,6.0,0.64,1.0116,2.23,0.0,6.3,20.6,12.8,26.1
5,6.2,17.0,0.72,1.009,2.5,0.25,6.9,21.3,15.6,27.7
2,3.8,8.0,0.73,1.0193,2.58,0.0,9.1,17.4,13.1,22.9
1,3.1,10.0,0.69,1.0213,3.23,0.0,12.6,17.3,9.4,23.0
2,3.6,8.0,0.66,1.016,2.92,0.0,10.5,19.0,12.1,26.0
4,3.1,10.0,0.72,1.0145,2.48,0.0,5.8,20.0,13.4,25.4
5,3.5,7.0,0.75,1.0148,1.84,0.0,5.2,18.5,15.1,22.6
1,2.1,9.0,0.63,1.0098,3.22,0.0,12.9,19.9,11.5,25.6
7,4.5,12.0,0.85,1.0039,1.09,1.57,2.4,18.3,15.4,21.6
5,5.7,13.0,0.82,1.0012,2.01,0.09,6.4,16.3,12.8,22.2
7,6.5,16.0,0.85,1.004,1.61,0.08,2.7,15.5,12.7,19.8
8,4.4,11.0,0.89,1.0097,1.23,0.83,0.8,15.0,13.1,18.5
8,4.1,10.0,0.91,1.0144,1.05,0.36,0.8,15.2,13.4,18.6
8,3.8,9.0,0.84,1.0173,0.98,0.01,0.4,15.8,14.1,18.8
5,1.9,8.0,0.78,1.0216,2.17,0.0,5.0,16.1,13.0,20.1
6,1.7,7.0,0.74,1.0228,2.06,0.0,4.2,18.5,12.8,23.5
3,3.0,9.0,0.75,1.0215,2.77,0.0,8.8,18.5,13.0,22.3
4,2.7,7.0,0.78,1.0208,1.75,0.0,4.6,18.4,13.2,23.4
0,1.6,6.0,0.67,1.0198,3.29,0.0,14.9,19.8,12.9,25.8
4,4.1,11.0,0.72,1.0188,2.42,0.0,6.6,20.7,14.3,26.6
4,2.0,7.0,0.68,1.0223,2.54,0.0,8.0,17.4,12.4,21.6
0,3.1,8.0,0.63,1.02,3.3,0.0,14.7,19.6,11.9,26.0
0,4.1,11.0,0.53,1.0147,3.35,0.0,15.0,21.9,13.1,28.6
0,5.0,11.0,0.45,1.0099,3.28,0.0,15.0,25.3,16.2,32.4
3,4.8,15.0,0.52,1.0072,2.83,0.0,12.1,25.9,18.1,34.6
7,6.1,16.0,0.74,1.0167,1.06,0.0,2.2,19.2,17.0,21.8
3,3.9,14.0,0.63,1.0216,2.74,0.0,11.1,21.8,15.8,27.7
0,2.6,8.0,0.5,1.0184,3.2,0.0,14.5,24.9,16.3,31.9
4,3.2,10.0,0.59,1.0137,2.3,0.0,7.0,23.7,18.8,30.6
5,2.5,7.0,0.64,1.0154,2.33,0.03,6.3,22.9,16.3,28.5
5,2.9,10.0,0.64,1.0191,2.93,0.1,11.1,21.4,16.3,26.4
7,2.3,6.0,0.64,1.0175,2.45,0.0,6.2,21.4,16.7,26.3
6,3.2,16.0,0.8,1.0144,1.61,0.64,4.4,18.9,15.1,24.5
5,4.0,14.0,0.7,1.0122,2.18,0.04,7.2,19.6,12.9,26.1
7,4.4,9.0,0.83,1.0099,1.69,0.85,3.5,19.2,16.1,24.3
7,5.1,14.0,0.84,1.0111,2.01,0.37,4.7,19.9,16.5,23.4
2,3.8,10.0,0.69,1.0218,2.64,0.0,10.8,18.1,13.1,23.7
2,2.8,8.0,0.64,1.0227,2.65,0.0,11.2,20.1,13.0,26.3
7,3.2,9.0,0.88,1.0166,1.08,0.93,2.6,18.3,16.1,21.1
2,1.5,8.0,0.76,1.018,2.8,0.0,10.7,19.7,13.6,25.2
0,1.8,8.0,0.71,1.0196,2.77,0.0,12.0,22.2,14.1,28.4
0,2.2,6.0,0.73,1.0207,2.81,0.0,12.2,23.3,16.5,29.2
0,2.2,7.0,0.73,1.022,2.84,0.0,12.6,24.1,17.8,29.9
0,2.7,7.0,0.63,1.0235,2.76,0.0,12.9,24.7,17.8,30.7
0,3.0,8.0,0.62,1.0235,2.57,0.0,12.5,24.1,16.4,32.0
2,3.0,8.0,0.53,1.0215,2.66,0.0,11.9,27.0,17.4,35.1
4,2.4,9.0,0.63,1.0192,1.59,0.06,4.2,26.6,20.1,34.8
0,2.0,6.0,0.75,1.0181,2.5,0.0,12.3,26.5,18.8,34.7
1,2.3,7.0,0.72,1.0186,2.57,0.0,11.2,24.1,18.6,31.5
0,2.0,7.0,0.65,1.0176,2.66,0.0,12.1,24.1,16.2,31.3
1,1.6,7.0,0.62,1.019,2.49,0.0,10.7,25.4,15.8,33.0
1,3.1,11.0,0.52,1.019,2.43,0.0,10.1,28.8,20.0,36.2
3,2.8,8.0,0.64,1.0192,2.48,0.0,9.6,24.0,19.4,30.2
4,2.9,9.0,0.68,1.0169,1.75,0.04,6.5,19.3,13.4,24.5
2,2.5,8.0,0.61,1.018,2.54,0.0,11.9,17.8,10.3,24.0
3,3.3,9.0,0.56,1.0183,2.47,0.0,10.9,18.3,11.2,24.0
7,3.0,7.0,0.69,1.0149,0.56,0.06,0.1,18.1,15.0,20.9
7,4.0,8.0,0.89,1.0147,0.52,0.63,0.0,18.7,15.6,20.1
6,4.1,10.0,0.69,1.02,1.97,0.0,5.8,19.2,14.9,23.9
2,1.8,6.0,0.59,1.0202,2.55,0.0,10.9,18.6,11.5,24.7
1,3.0,10.0,0.62,1.0175,2.3,0.0,10.8,18.4,11.2,24.7
6,5.2,11.0,0.7,1.0181,1.19,0.0,0.8,18.7,13.9,23.2
6,4.3,9.0,0.76,1.02,1.53,0.0,3.1,19.8,15.7,23.4
3,3.6,9.0,0.68,1.0204,2.46,0.0,10.1,17.5,11.6,22.3
4,3.5,10.0,0.62,1.0171,2.08,0.0,8.0,18.6,14.9,23.2
3,2.2,6.0,0.73,1.015,1.87,0.0,6.6,17.8,10.9,25.0
6,1.9,6.0,0.78,1.0137,0.85,0.04,1.7,15.6,12.3,19.5
6,2.0,9.0,0.78,1.0077,1.41,0.24,3.8,15.8,9.9,21.6
8,3.3,8.0,0.96,1.0027,0.29,1.98,0.5,13.9,13.1,15.1
5,2.8,12.0,0.82,1.0132,1.56,0.57,6.1,14.4,10.7,19.1
5,3.7,11.0,0.8,1.0191,1.72,0.01,6.6,13.1,9.3,19.1
7,3.3,11.0,0.79,1.0205,1.29,0.05,3.1,13.0,9.4,18.2
4,1.9,6.0,0.72,1.0263,1.74,0.0,7.4,13.5,7.7,18.6
1,1.6,5.0,0.66,1.0303,2.16,0.0,11.2,14.2,7.1,20.4
0,2.4,7.0,0.63,1.0285,2.26,0.0,11.1,16.0,8.1,22.4
3,2.3,6.0,0.59,1.02,1.99,0.0,9.1,18.7,10.4,25.9
7,3.1,8.0,0.79,1.0166,1.11,0.02,3.0,17.6,14.3,21.7
7,2.2,6.0,0.72,1.0152,1.52,0.06,3.7,16.6,11.8,20.7
5,2.1,6.0,0.73,1.0087,1.25,0.0,4.7,15.3,11.9,20.0
5,1.9,7.0,0.74,1.0123,1.74,0.0,8.2,14.8,8.1,21.3
8,5.0,16.0,0.91,1.013,0.41,0.61,0.0,13.2,11.1,15.5
4,3.8,12.0,0.78,1.0193,1.3,0.0,7.8,14.0,10.2,18.7
7,3.0,6.0,0.86,1.0275,0.9,0.07,2.0,14.2,9.6,18.2
3,2.5,7.0,0.78,1.0322,1.83,0.0,9.0,13.4,8.5,19.3
0,2.9,9.0,0.69,1.0313,2.12,0.0,11.6,14.8,7.0,21.2
1,1.5,5.0,0.68,1.0265,1.97,0.0,10.4,16.9,9.4,23.4
1,2.0,5.0,0.69,1.0246,1.7,0.0,8.3,16.9,10.2,23.9
0,1.8,4.0,0.63,1.0226,1.83,0.0,9.8,18.0,9.6,25.9
0,3.7,10.0,0.53,1.0186,1.92,0.0,11.1,20.2,12.9,28.0
0,3.0,8.0,0.53,1.0185,1.85,0.0,10.2,21.0,11.9,30.2
0,2.8,7.0,0.5,1.0199,1.84,0.0,10.0,21.9,12.9,31.2
0,3.7,8.0,0.52,1.0188,1.73,0.0,10.0,21.2,14.6,29.1
3,6.6,17.0,0.55,1.0077,1.67,0.21,9.8,21.5,11.2,26.6
6,3.3,11.0,0.85,1.0172,0.7,1.05,1.9,10.5,6.9,14.6
1,1.8,6.0,0.72,1.0317,1.59,0.0,9.1,9.6,3.6,15.6
1,3.7,12.0,0.63,1.027,1.73,0.0,9.7,11.7,5.8,18.8
3,3.9,10.0,0.63,1.0193,1.56,0.0,8.0,13.6,7.3,19.1
7,2.0,5.0,0.81,1.0187,0.71,0.0,1.7,13.3,10.9,16.4
6,3.6,16.0,0.81,1.0106,1.07,1.11,3.5,14.1,10.7,19.6
6,4.1,15.0,0.85,1.014,1.06,0.08,3.9,11.3,7.8,16.2
1,2.9,7.0,0.72,1.0147,1.53,0.0,9.9,12.1,5.3,19.0
7,2.5,6.0,0.88,1.009,0.45,0.77,0.7,11.5,7.4,14.5
6,2.0,6.0,0.94,1.0114,0.77,0.0,3.7,14.6,12.6,18.1
8,3.9,13.0,0.96,1.0068,0.25,2.75,0.0,14.7,13.0,17.0
7,3.6,13.0,0.83,1.007,0.75,0.22,2.5,11.2,7.5,14.9
5,3.6,12.0,0.81,1.0114,1.12,0.05,6.6,8.7,6.4,13.0
7,7.8,16.0,0.85,1.0086,0.25,0.42,0.3,8.2,4.7,10.8
7,6.9,17.0,0.84,1.0033,0.58,0.69,2.3,8.2,6.4,11.2
7,6.7,18.0,0.87,1.0119,0.62,1.31,1.8,9.8,7.1,13.4
7,4.3,10.0,0.9,1.0167,0.47,0.02,0.6,12.5,10.2,14.8
7,6.8,12.0,0.9,1.0178,0.29,0.21,0.6,13.8,12.4,15.2
7,2.6,10.0,0.81,1.0239,0.8,0.14,2.0,11.8,7.3,15.2
1,3.2,9.0,0.78,1.0261,1.34,0.0,9.8,9.5,4.7,14.5
4,4.9,11.0,0.75,1.0243,1.18,0.0,7.7,8.9,5.0,13.6
2,6.0,13.0,0.68,1.0278,1.26,0.0,8.6,8.3,4.8,13.4
0,5.8,12.0,0.7,1.0304,1.37,0.0,9.7,7.1,2.3,12.6
0,4.6,11.0,0.75,1.0301,1.31,0.0,9.7,6.7,1.8,12.4
0,5.2,11.0,0.71,1.0248,1.31,0.0,9.5,6.3,1.8,12.2
1,3.6,8.0,0.72,1.0168,1.24,0.0,9.1,5.4,1.0,11.4
3,3.0,7.0,0.8,1.0093,1.08,0.0,6.7,4.7,-1.0,10.4
3,3.6,9.0,0.81,1.0034,0.85,0.0,3.9,4.7,0.1,9.8
8,2.0,7.0,0.9,1.0092,0.36,0.0,0.7,5.4,2.8,8.1
3,3.0,8.0,0.85,1.0127,0.82,0.0,4.0,4.6,1.7,9.3
2,5.4,12.0,0.8,1.0152,0.94,0.0,6.0,2.1,-1.3,6.1
6,3.7,11.0,0.9,1.0197,0.45,0.0,1.5,0.8,-5.3,4.2
7,6.3,14.0,0.88,1.0182,0.35,0.01,1.4,4.8,0.9,8.1
8,4.0,12.0,0.9,1.0139,0.31,0.11,0.2,5.6,3.0,7.1
5,2.1,6.0,0.91,1.0213,0.48,0.0,2.0,3.2,-0.9,6.1
1,1.9,5.0,0.81,1.0156,1.02,0.0,8.6,3.4,-2.5,10.5
4,3.9,10.0,0.81,0.9989,0.81,0.05,5.0,4.6,-1.4,10.0
7,3.8,10.0,0.89,0.9899,0.28,0.09,0.1,6.2,3.4,8.6
8,3.7,10.0,0.92,0.9821,0.15,0.89,0.0,8.5,4.7,11.5
8,5.3,13.0,0.92,0.9937,0.24,0.25,0.0,8.8,7.1,10.9
7,7.5,17.0,0.85,1.0021,0.49,0.36,1.0,9.4,5.1,11.7
6,9.1,20.0,0.8,1.0091,0.51,0.2,3.4,11.6,9.8,13.4
1,3.6,8.0,0.9,1.0292,0.68,0.0,6.4,9.0,4.3,12.9
0,2.5,7.0,0.84,1.0299,0.88,0.0,8.7,8.0,1.8,14.8
0,2.5,7.0,0.76,1.0299,0.83,0.0,8.3,7.6,2.5,13.0
2,5.5,11.0,0.75,1.0304,0.79,0.0,8.2,6.3,3.2,9.6
5,5.0,14.0,0.76,1.0221,0.59,0.0,4.6,6.3,2.7,10.0
3,3.0,6.0,0.8,1.0221,0.69,0.0,5.4,7.5,1.6,12.4
5,2.3,5.0,0.82,1.0233,0.53,0.0,4.2,9.1,3.5,13.6
0,2.4,5.0,0.88,1.0226,0.72,0.0,7.6,3.3,-0.7,8.0
4,2.4,7.0,0.86,1.0199,0.62,0.06,5.8,5.1,-1.6,10.1
4,3.8,7.0,0.91,1.026,0.66,0.0,6.6,8.2,4.1,11.7
6,4.5,10.0,0.88,1.0185,0.21,0.0,0.0,6.3,2.7,8.4
2,5.0,12.0,0.85,1.0149,0.61,0.0,5.9,7.0,2.4,10.9
8,2.8,7.0,0.96,1.0143,0.1,1.11,0.0,5.3,3.1,6.2
8,6.8,15.0,0.9,1.0225,0.31,0.39,0.2,6.6,4.8,8.5
8,7.6,12.0,0.97,1.0225,0.1,0.37,0.0,10.5,6.8,12.2
8,6.9,14.0,0.92,1.0225,0.13,0.01,0.0,11.9,10.8,12.5
8,4.6,11.0,0.88,1.0164,0.14,0.0,0.0,9.6,8.0,10.9
6,3.1,8.0,0.85,1.0113,0.34,0.0,1.2,9.6,6.9,13.0
7,4.3,9.0,0.77,1.0058,0.28,0.0,1.9,13.1,9.4,15.4
6,4.5,10.0,0.72,1.0039,0.17,0.06,0.3,13.6,11.7,15.0
7,3.5,11.0,0.83,1.0052,0.29,0.06,1.5,13.0,8.6,15.7
8,2.2,10.0,0.96,1.009,0.19,0.56,0.5,8.0,6.6,8.9
5,6.1,13.0,0.79,1.0002,0.32,0.07,2.3,8.5,6.1,10.4
8,2.0,5.0,0.94,1.001,0.23,0.0,1.2,6.2,3.6,8.9
8,2.7,5.0,0.97,1.013,0.26,0.0,1.0,3.9,3.0,5.1
7,3.3,9.0,0.8,1.0131,0.46,0.0,4.9,3.9,1.2,6.5
8,3.7,8.0,0.87,1.0057,0.13,0.12,0.2,7.6,5.2,9.7
8,4.4,12.0,0.8,1.0041,0.28,0.0,1.0,11.1,6.9,16.3
6,1.4,6.0,0.86,1.014,0.27,0.0,1.1,7.3,3.9,10.7
8,3.0,8.0,0.95,1.0227,0.29,0.0,1.5,6.1,2.8,9.2
8,4.6,11.0,0.98,1.0261,0.05,0.0,0.0,4.6,3.1,5.1
8,1.9,5.0,0.93,1.0294,0.08,0.0,0.0,4.1,3.0,4.7
4,4.7,11.0,0.79,1.0273,0.26,0.09,1.3,2.5,-2.2,6.7
0,4.0,10.0,0.79,1.0311,0.53,0.0,7.0,-1.6,-4.1,1.4
0,2.1,8.0,0.72,1.0258,0.51,0.0,7.0,-0.8,-5.6,4.8
0,2.1,7.0,0.63,1.0191,0.5,0.0,6.6,-0.6,-5.1,4.8
2,2.6,10.0,0.72,1.0151,0.46,0.0,6.6,-0.9,-6.1,3.2
8,7.0,16.0,0.86,1.0139,0.13,0.35,0.0,2.7,-0.9,5.9
8,3.7,11.0,0.94,1.0214,0.28,0.0,0.8,5.4,0.5,9.4
8,9.7,19.0,0.94,1.0101,0.03,2.63,0.0,11.0,9.3,11.8
7,6.8,17.0,0.85,1.0107,0.21,0.44,0.5,6.7,4.4,10.9
6,4.5,16.0,0.86,1.0216,0.31,0.04,2.9,2.9,1.8,4.8
8,3.0,6.0,0.9,1.0294,0.17,0.0,0.2,4.4,2.6,5.8
3,2.0,4.0,0.85,1.0272,0.29,0.0,2.6,3.3,0.6,6.6
0,2.4,7.0,0.78,1.0214,0.46,0.0,6.5,3.0,-0.8,9.2
4,3.7,8.0,0.87,1.0186,0.32,0.0,4.1,5.5,1.9,8.2
8,7.5,25.0,0.87,1.0105,0.11,0.22,0.0,8.9,6.6,10.7
7,9.0,21.0,0.84,1.0029,0.07,0.74,0.0,4.9,1.9,8.6
5,4.1,16.0,0.92,1.0208,0.32,0.11,2.9,0.7,-1.2,2.7
8,5.3,11.0,0.96,1.0252,0.08,0.7,0.0,0.7,-0.4,2.1
6,5.0,10.0,0.9,1.0287,0.29,0.02,2.7,3.0,0.2,4.8
8,6.9,13.0,0.9,1.0236,0.07,0.04,0.0,6.5,4.6,7.9
7,7.0,17.0,0.83,1.0107,0.25,0.0,1.1,6.9,5.8,9.2
6,7.3,17.0,0.84,1.0004,0.24,1.19,1.8,6.6,4.9,9.8
8,8.0,17.0,0.86,0.994,0.11,0.44,0.0,6.1,2.5,9.5
5,4.3,12.0,0.86,1.0099,0.31,0.0,3.3,2.1,-0.4,5.0
4,1.1,3.0,0.9,1.0172,0.48,0.0,6.7,0.7,-2.5,5.5
8,3.1,7.0,0.94,1.0254,0.28,0.0,2.6,1.1,-2.1,3.3
7,2.6,5.0,0.92,1.0138,0.1,0.1,0.0,-1.0,-3.8,0.5
4,3.8,9.0,0.84,1.0184,0.47,0.03,5.5,-2.2,-6.3,-0.1
4,1.5,7.0,0.88,1.0242,0.41,0.0,5.1,-5.4,-8.5,-1.9
8,5.3,11.0,0.94,1.0184,0.08,0.07,0.0,-0.4,-4.4,2.2
8,4.3,9.0,0.96,1.0204,0.11,0.16,0.0,2.8,1.8,3.6
8,6.2,13.0,0.96,1.0175,0.08,0.4,0.0,5.7,3.3,7.9
6,3.3,7.0,0.95,1.0178,0.15,0.0,0.7,5.9,1.3,8.1
6,5.6,13.0,0.87,1.0063,0.27,0.29,1.8,4.9,1.6,6.7
8,5.6,15.0,0.9,1.0035,0.16,0.36,0.2,5.8,4.0,7.4
6,4.8,10.0,0.92,1.0139,0.36,0.0,2.6,4.9,1.1,7.9
7,7.9,20.0,0.87,1.004,0.1,0.77,0.9,9.2,4.7,12.3
7,6.2,13.0,0.9,0.9998,0.07,1.57,0.0,5.2,4.2,6.3
8,8.6,19.0,0.82,0.9903,0.16,1.18,0.0,7.7,5.7,10.0
6,7.7,15.0,0.85,0.9964,0.19,0.43,0.5,5.1,2.3,6.8
7,6.8,17.0,0.89,1.0049,0.23,0.12,0.1,3.9,2.2,5.3
8,10.4,25.0,0.8,0.9923,0.18,0.74,0.6,6.2,4.7,8.0
8,6.7,14.0,0.85,0.9994,0.2,0.1,0.8,4.1,3.2,5.7
7,5.3,16.0,0.84,1.0214,0.4,0.05,2.9,1.2,-2.6,4.3
8,7.0,14.0,0.95,1.0131,0.05,1.65,0.0,4.1,-0.7,8.4
8,3.7,13.0,0.88,1.0122,0.15,0.26,0.0,4.1,-1.1,8.6
5,1.5,5.0,0.8,1.021,0.53,0.0,4.3,-0.2,-2.0,2.9
8,3.1,7.0,0.73,1.0203,0.2,0.12,0.5,0.6,-2.6,2.8
3,1.9,5.0,0.74,1.0181,0.67,0.02,7.7,1.3,-1.3,6.0
8,3.4,10.0,0.84,1.014,0.1,0.28,0.0,2.5,-0.1,4.5
7,3.0,8.0,0.94,1.0142,0.28,0.1,1.2,2.9,-0.4,6.0
6,5.5,14.0,0.84,1.0042,0.47,0.0,4.0,0.6,-1.5,2.4
8,3.6,8.0,0.91,1.0032,0.15,0.01,0.0,-0.5,-1.8,0.7
8,6.3,14.0,0.94,0.9994,0.25,0.26,0.8,0.2,-0.9,1.4
8,6.1,13.0,0.93,1.0052,0.25,0.3,0.9,0.1,-2.4,1.8
7,8.0,16.0,0.7,1.0121,0.33,0.0,0.9,1.0,-0.7,2.7
8,12.0,29.0,0.77,1.003,0.2,0.11,0.0,7.3,2.1,11.8
7,10.3,26.0,0.78,1.0141,0.36,0.28,1.7,10.3,8.5,12.2
8,8.8,20.0,0.84,1.0208,0.05,1.18,0.0,11.4,9.5,12.4
5,7.2,13.0,0.74,1.0263,0.44,0.0,3.4,12.4,9.5,15.5
8,8.1,16.0,0.63,1.0262,0.45,0.0,2.2,13.8,10.5,16.7
8,7.4,14.0,0.74,1.0241,0.14,0.0,0.0,13.0,12.3,14.3
8,7.6,20.0,0.76,1.0158,0.33,0.52,0.0,12.1,9.8,15.2
6,9.9,23.0,0.74,1.0132,0.39,0.23,1.8,7.4,4.8,10.1
8,9.2,27.0,0.83,1.0128,0.39,1.05,3.0,3.6,0.5,5.9
7,4.4,13.0,0.81,1.0319,0.4,0.03,2.8,2.6,0.7,4.6
6,6.3,14.0,0.81,1.0303,0.59,0.26,4.4,2.0,-2.0,4.4
8,3.9,12.0,0.95,1.0257,0.22,0.35,0.1,6.3,3.4,8.3
8,1.9,5.0,0.88,1.0334,0.59,0.0,2.5,3.9,0.5,6.2
8,2.6,5.0,0.93,1.0335,0.26,0.0,0.0,6.2,5.1,7.8
8,1.5,4.0,0.91,1.0273,0.3,0.0,0.0,6.2,4.8,8.1
8,1.1,3.0,0.95,1.0262,0.17,0.02,0.0,5.0,0.4,6.6
8,1.8,5.0,0.99,1.0299,0.66,0.0,3.8,2.7,-0.6,6.1
8,1.7,4.0,0.9,1.0284,0.38,0.0,0.4,3.6,1.4,5.5
7,3.7,11.0,0.88,1.024,0.41,0.49,2.1,4.0,0.6,6.2
6,6.3,14.0,0.77,1.0241,0.67,0.0,3.6,0.8,-1.5,3.5
4,5.3,12.0,0.69,1.0217,1.15,0.0,9.1,0.4,-2.8,5.1
6,4.2,10.0,0.76,1.0123,0.36,0.0,0.2,0.7,-2.2,2.9
7,4.1,12.0,0.78,1.0108,0.43,0.0,0.5,1.1,-1.8,4.6
4,3.8,10.0,0.71,1.017,1.09,0.0,8.2,0.6,-3.1,5.2
7,6.0,13.0,0.86,1.0151,0.63,0.18,2.8,0.4,-5.0,4.5
7,3.8,12.0,0.95,1.0074,0.59,0.5,1.9,0.5,-1.5,3.2
6,5.3,13.0,0.84,1.0018,0.48,0.14,2.9,-1.2,-4.2,2.8
6,6.0,12.0,0.84,0.9978,0.76,0.26,4.7,-1.0,-4.1,2.5
6,2.2,6.0,0.83,1.0047,1.13,0.0,6.3,-0.5,-4.4,2.7
5,2.3,6.0,0.9,1.02,0.71,0.0,2.6,-1.7,-3.6,0.3
5,2.8,8.0,0.76,1.0326,1.54,0.0,9.3,-0.5,-5.3,3.3
6,3.3,9.0,0.77,1.0328,0.92,0.0,6.6,2.8,-0.4,7.2
4,3.3,8.0,0.79,1.0311,1.16,0.0,5.8,1.8,-3.2,7.7
8,2.7,6.0,0.63,1.0235,0.89,0.0,2.7,5.7,0.5,11.4
7,4.4,9.0,0.73,1.0181,0.98,0.21,3.9,3.8,0.8,8.1
8,3.2,8.0,0.94,1.0185,0.29,0.13,0.0,2.1,0.7,3.7
8,2.4,8.0,0.92,1.0228,0.54,0.57,2.3,4.1,2.5,6.8
5,4.0,10.0,0.79,1.0307,1.55,0.0,9.1,2.3,-1.5,6.4
7,4.6,11.0,0.86,1.03,0.62,0.1,3.0,0.6,-0.8,2.1
8,3.8,9.0,0.95,1.0251,0.32,0.05,0.0,0.3,-1.1,1.4
5,3.1,7.0,0.84,1.0206,1.09,0.0,5.9,1.0,-1.7,4.6
7,3.6,10.0,0.83,1.0117,0.67,0.64,1.9,3.2,-1.9,7.8
6,6.0,14.0,0.76,1.0159,0.94,0.11,3.3,8.6,5.6,11.2
5,8.0,17.0,0.68,1.024,1.46,0.0,8.3,9.5,5.7,13.4
7,7.7,14.0,0.71,1.0285,0.78,0.0,1.4,11.5,9.5,13.6
6,4.9,11.0,0.76,1.0306,1.31,0.0,7.1,12.5,8.4,17.4
4,3.5,8.0,0.64,1.0271,1.67,0.0,10.9,14.3,6.0,21.2
5,3.9,14.0,0.74,1.022,0.93,0.0,2.0,13.0,7.2,19.7
8,8.9,22.0,0.82,1.0153,0.72,0.37,1.1,10.8,9.0,13.6
8,11.7,25.0,0.86,1.0084,0.21,0.51,0.0,11.2,7.8,13.5
7,10.3,20.0,0.73,1.0055,1.25,0.1,5.7,8.8,6.8,11.7
7,5.3,15.0,0.78,1.0094,1.24,0.42,6.3,6.8,3.2,10.3
7,2.3,7.0,0.81,1.0138,1.24,0.03,4.6,5.7,3.4,9.3
6,4.0,9.0,0.81,1.0184,1.12,0.0,4.6,4.5,0.7,8.4
6,2.5,8.0,0.75,1.02,1.29,0.0,4.2,3.0,-0.7,7.3
6,2.9,10.0,0.84,1.0205,1.22,0.14,4.8,2.1,-1.3,6.2
3,1.5,6.0,0.68,1.0182,2.19,0.0,11.8,2.9,-2.5,8.0
0,1.9,6.0,0.59,1.0198,2.09,0.0,11.5,4.7,-2.6,10.6
1,2.7,7.0,0.65,1.0221,2.02,0.0,10.3,6.8,-0.6,13.0
0,5.1,13.0,0.55,1.0162,2.22,0.0,11.7,9.8,1.7,16.9
3,2.8,8.0,0.52,1.0112,2.04,0.0,10.5,12.8,4.0,19.5
4,3.9,9.0,0.56,1.0099,1.85,0.0,9.2,14.2,6.2,19.9
7,3.9,11.0,0.63,1.0105,0.87,0.0,1.5,13.0,8.5,17.7
8,6.4,15.0,0.76,1.0177,1.2,0.01,4.3,11.6,9.6,14.2
7,7.6,18.0,0.68,1.0161,1.46,0.29,7.0,10.5,7.3,13.2
8,7.7,16.0,0.82,1.0109,1.3,0.74,5.4,7.5,3.8,11.1
7,5.0,13.0,0.86,1.0044,0.72,0.37,2.1,5.1,2.7,8.6
7,4.2,10.0,0.89,1.0086,0.81,0.61,2.2,5.1,3.4,8.7
8,2.8,11.0,0.9,1.0144,1.05,0.42,3.0,5.0,3.1,8.6
8,3.0,7.0,0.84,1.0167,0.61,0.0,0.2,5.8,3.7,8.3
7,2.8,10.0,0.86,1.0162,0.88,0.2,2.4,5.3,1.1,8.2
6,2.8,7.0,0.71,1.0224,1.35,0.0,3.8,5.3,1.7,9.1
3,3.2,10.0,0.74,1.0249,2.17,0.0,9.0,7.4,0.6,12.9
6,3.0,8.0,0.79,1.0232,0.75,0.01,0.0,8.4,4.8,11.2
2,2.3,9.0,0.71,1.0214,2.34,0.0,10.3,8.8,1.9,15.7
2,2.5,8.0,0.55,1.0179,2.2,0.0,9.0,12.1,3.4,18.1
1,3.3,9.0,0.56,1.0128,2.39,0.0,11.9,13.7,5.2,20.2
4,4.3,13.0,0.63,1.0029,2.14,0.04,8.2,13.8,7.2,20.0
6,6.8,16.0,0.72,0.9916,1.38,0.11,3.6,9.6,6.7,12.7
6,4.7,13.0,0.7,0.9966,1.52,0.03,4.4,7.2,3.3,12.3
6,3.3,10.0,0.73,1.0065,2.07,0.0,8.1,9.8,4.3,15.1
6,3.4,9.0,0.78,1.0129,1.27,0.0,2.3,12.7,7.4,17.4
7,3.2,8.0,0.87,1.0161,1.07,1.59,1.1,13.6,9.6,18.1
3,3.5,10.0,0.69,1.0234,2.64,0.05,11.7,12.0,7.7,16.8
4,2.7,8.0,0.71,1.0267,2.04,0.0,6.4,11.1,5.7,16.0
2,2.8,9.0,0.69,1.0264,2.61,0.0,12.6,12.1,4.8,17.0
4,2.8,10.0,0.6,1.0204,2.62,0.0,9.7,13.6,7.5,18.7
4,3.6,9.0,0.62,1.0112,1.95,0.0,5.2,15.4,8.5,20.3
7,3.4,14.0,0.75,1.0074,1.57,0.35,3.5,14.6,10.9,20.5
7,3.4,10.0,0.75,1.0033,1.22,0.03,1.1,13.9,10.7,17.2
7,3.8,12.0,0.85,0.9997,1.56,1.2,3.5,15.2,11.9,21.5
8,4.2,11.0,0.8,1.0067,1.11,0.0,0.5,13.6,10.7,16.3
5,2.9,7.0,0.73,1.0088,2.03,0.0,5.6,13.7,9.8,19.1
6,2.8,12.0,0.79,1.0027,1.64,0.43,4.6,12.8,7.4,19.3
8,5.5,15.0,0.77,0.9917,1.32,0.04,1.7,10.4,8.0,14.8
4,5.3,15.0,0.72,0.9879,2.65,0.06,11.3,9.9,5.5,14.4
6,2.2,6.0,0.74,0.9959,1.78,0.1,4.3,10.1,3.2,15.4
8,4.5,13.0,0.93,0.998,0.58,2.32,0.0,8.5,6.7,10.5
8,3.3,11.0,0.91,0.9964,0.44,0.08,0.0,8.2,6.7,9.7
8,2.0,6.0,0.79,1.0056,1.52,0.0,1.6,11.7,7.3,15.5
5,1.8,5.0,0.77,1.0121,1.95,0.0,4.0,13.5,9.9,17.7
8,3.4,7.0,0.91,1.0182,0.64,0.0,0.5,10.5,8.0,13.3
8,4.0,10.0,0.7,1.0193,1.9,0.0,2.7,10.7,7.5,15.8
8,3.3,8.0,0.82,1.0205,0.72,0.01,0.1,9.8,7.7,12.0
4,1.5,5.0,0.75,1.0247,1.73,0.0,4.0,11.7,5.4,16.1
2,2.7,9.0,0.75,1.0281,2.32,0.0,8.4,13.8,4.9,20.3
4,2.8,9.0,0.75,1.0286,2.41,0.0,8.7,14.3,9.6,19.0
0,1.5,8.0,0.68,1.0252,3.18,0.0,14.4,16.4,8.6,21.9
2,2.0,7.0,0.66,1.024,2.43,0.0,9.0,17.0,10.6,22.6
1,3.3,10.0,0.67,1.0234,2.86,0.0,12.3,17.0,7.9,23.7
4,2.7,8.0,0.65,1.0193,2.75,0.0,10.6,16.4,9.4,22.1
6,4.7,11.0,0.76,1.0192,1.08,0.71,1.9,10.6,6.5,14.3
5,4.2,10.0,0.64,1.0255,2.48,0.0,10.1,9.2,4.0,14.4
4,4.0,11.0,0.59,1.0263,2.69,0.01,10.2,10.4,6.2,15.2
3,1.9,6.0,0.65,1.0255,2.62,0.0,9.5,11.5,3.2,17.5
6,2.0,8.0,0.66,1.0217,2.2,0.0,5.1,12.8,4.6,19.0
5,2.8,7.0,0.61,1.0207,2.52,0.0,8.2,11.9,7.4,16.0
4,2.7,7.0,0.65,1.0238,2.05,0.0,5.5,10.8,5.4,15.7
0,2.0,8.0,0.59,1.026,3.27,0.0,14.3,13.5,5.0,19.5
2,2.5,8.0,0.47,1.0237,3.37,0.0,13.6,17.4,8.2,23.9
7,3.1,9.0,0.64,1.0197,1.8,0.59,4.2,16.7,11.3,22.6
5,3.3,11.0,0.85,1.019,1.97,0.16,5.3,13.0,9.4,19.5
3,2.0,7.0,0.63,1.0161,3.13,0.0,11.4,16.8,8.5,22.3
8,3.7,11.0,0.85,1.02,1.3,0.49,1.4,14.6,11.6,21.0
7,3.1,8.0,0.82,1.0262,1.66,0.0,3.8,14.7,11.3,19.2
8,4.0,10.0,0.92,1.0207,0.73,0.77,0.2,13.3,10.6,16.5
8,3.2,8.0,0.79,1.0185,1.46,0.0,1.4,14.2,11.6,18.1
4,1.3,5.0,0.74,1.0205,2.27,0.0,7.1,15.4,10.5,20.7
1,2.3,8.0,0.65,1.0202,3.24,0.0,13.7,19.9,11.7,26.3
1,2.7,7.0,0.59,1.0196,3.31,0.0,14.7,23.7,14.4,30.2
3,3.8,8.0,0.67,1.0196,2.72,0.0,9.3,23.3,18.1,28.8
7,2.3,8.0,0.88,1.0198,0.89,0.49,0.5,18.4,16.4,20.7
7,4.2,9.0,0.87,1.0187,1.62,0.12,2.5,15.9,13.7,18.6
6,4.3,14.0,0.82,1.0206,1.64,0.13,3.9,14.2,11.4,18.4
6,2.8,7.0,0.8,1.0296,1.3,0.0,2.4,13.3,9.4,16.8
3,2.0,5.0,0.74,1.0289,2.83,0.0,10.8,16.3,6.9,22.3
4,4.2,11.0,0.75,1.0204,2.62,0.0,8.8,18.8,13.3,25.0
4,3.0,8.0,0.67,1.02,2.28,0.0,7.4,15.2,9.9,19.6
6,6.3,17.0,0.71,1.0106,1.99,0.03,6.0,17.2,13.0,22.7
8,4.1,10.0,0.88,1.0068,1.07,0.95,0.6,13.9,11.3,17.3
4,2.6,12.0,0.76,1.0069,2.35,0.22,7.7,12.0,7.4,15.8
5,3.3,9.0,0.81,1.0077,1.9,0.39,5.2,11.3,6.9,17.1
7,3.7,12.0,0.81,1.0114,1.93,0.13,3.9,12.4,7.4,18.2
8,2.9,8.0,0.84,1.013,1.38,0.0,1.5,15.5,10.7,18.8
7,9.8,22.0,0.69,1.0026,2.05,0.52,6.4,17.7,14.9,20.7
5,10.4,20.0,0.61,1.0086,2.16,0.03,8.2,14.9,11.6,18.7
4,4.8,12.0,0.69,1.0179,1.82,0.0,7.6,14.0,9.2,18.3
5,2.2,7.0,0.66,1.0209,2.35,0.0,7.1,16.3,7.8,21.0
5,5.1,12.0,0.72,1.0179,2.77,0.15,8.8,19.0,14.3,25.2
4,4.3,10.0,0.65,1.025,2.76,0.0,8.6,16.4,11.7,21.7
5,3.6,11.0,0.68,1.0246,2.6,0.0,9.0,16.5,9.2,21.7
7,3.3,9.0,0.65,1.0162,2.21,0.0,4.4,19.1,12.9,24.6
7,5.7,14.0,0.64,1.0125,1.95,0.05,6.5,15.9,10.2,19.6
6,5.7,17.0,0.76,1.0126,1.71,0.8,5.6,14.6,9.7,18.8
6,7.9,19.0,0.68,1.0142,2.23,0.16,8.3,15.1,12.5,18.8
6,5.3,12.0,0.74,1.016,1.75,0.0,4.3,14.8,11.4,17.9
6,2.8,8.0,0.76,1.0177,2.09,0.43,5.4,16.1,12.2,20.8
2,2.1,7.0,0.67,1.0216,2.89,0.0,12.7,16.1,8.9,21.8
3,5.0,14.0,0.76,1.0131,2.1,1.0,7.8,17.0,11.5,25.2
7,4.0,17.0,0.75,1.0086,1.84,0.49,4.6,17.6,13.2,22.5
7,5.4,14.0,0.88,1.0094,1.03,1.49,3.5,14.2,11.9,17.3
6,4.8,13.0,0.79,1.015,2.48,0.02,8.5,13.5,9.9,18.0
6,4.3,11.0,0.86,1.0117,1.48,0.05,3.2,12.9,8.5,16.5
8,3.6,9.0,0.89,1.0128,0.77,0.24,0.1,13.1,11.5,15.2
7,3.1,8.0,0.87,1.0175,1.06,0.0,0.7,13.1,9.3,16.4
7,5.7,14.0,0.84,1.0176,1.85,0.17,3.4,15.1,9.1,21.1
8,4.6,10.0,0.9,1.0162,0.73,0.17,0.5,17.5,15.9,20.4
5,3.8,11.0,0.77,1.0157,2.34,0.0,8.2,20.3,16.7,25.2
4,3.1,26.0,0.75,1.013,2.63,1.5,9.7,21.5,14.4,29.9
6,2.9,10.0,0.84,1.0151,1.84,0.44,3.5,19.6,15.0,24.3
4,3.4,8.0,0.69,1.0184,2.83,0.0,11.2,18.2,13.6,22.6
6,2.1,6.0,0.9,1.0141,0.74,1.09,2.1,16.6,14.6,19.2
6,2.3,8.0,0.84,1.016,2.22,0.49,7.8,20.3,14.2,26.3
3,2.1,15.0,0.74,1.0186,2.86,0.93,12.3,21.8,15.2,26.8
4,3.5,9.0,0.82,1.0196,2.26,0.36,6.7,20.3,14.7,26.0
2,1.8,7.0,0.7,1.0244,2.75,0.0,10.6,18.0,12.2,23.5
6,3.2,8.0,0.82,1.0193,1.24,0.03,0.9,15.8,12.8,19.2
6,3.4,17.0,0.79,1.0163,1.56,0.55,5.1,16.5,13.1,21.5
2,1.8,6.0,0.67,1.0208,2.81,0.0,12.6,17.2,10.3,22.4
0,2.7,9.0,0.62,1.0203,3.0,0.0,13.0,19.0,11.4,24.3
1,3.8,10.0,0.58,1.0164,3.07,0.0,14.1,20.9,13.9,26.7
2,2.5,7.0,0.57,1.0181,2.88,0.0,13.3,22.9,16.0,29.1
5,1.9,7.0,0.67,1.0201,2.29,0.0,7.7,21.5,16.7,27.1
4,2.3,7.0,0.75,1.0194,2.09,0.0,6.1,19.4,13.9,24.8
1,2.7,7.0,0.68,1.0157,2.74,0.0,11.9,21.3,14.1,27.2
2,2.4,6.0,0.63,1.0106,2.54,0.0,9.8,22.8,15.1,29.2
6,1.8,6.0,0.74,1.011,1.48,0.0,3.4,21.9,18.0,27.4
4,3.1,8.0,0.63,1.0109,2.34,0.0,8.4,24.7,19.0,31.1
4,3.0,9.0,0.75,1.0134,2.39,0.0,8.9,22.8,17.0,29.0
6,2.6,9.0,0.81,1.0137,1.78,0.09,4.7,21.1,18.5,25.5
3,2.9,9.0,0.65,1.0088,2.57,0.0,11.1,24.4,17.6,31.5
1,4.5,9.0,0.48,1.0094,2.51,0.0,9.6,26.3,20.0,32.4
7,4.0,11.0,0.75,1.0107,0.88,1.21,2.2,20.7,18.3,27.8
3,3.1,8.0,0.74,1.0113,2.34,0.0,10.8,22.0,17.7,26.9
7,4.0,12.0,0.82,1.0077,0.85,0.1,2.3,18.7,15.4,24.8
8,6.6,15.0,0.88,1.0065,1.53,1.35,4.8,16.8,14.3,21.9
7,4.1,11.0,0.84,1.0151,1.58,0.59,5.6,18.8,15.6,24.2
3,2.8,8.0,0.75,1.0182,2.49,0.0,10.6,19.8,13.9,25.6
6,3.4,10.0,0.79,1.0085,1.52,0.14,4.2,20.0,17.4,24.0
7,3.9,10.0,0.82,1.0058,1.48,0.03,2.5,19.5,16.1,24.1
7,5.2,18.0,0.81,1.0043,1.83,2.82,5.2,20.8,17.5,27.1
3,8.0,21.0,0.7,1.0065,2.07,0.0,9.8,19.4,15.9,23.9
6,5.8,15.0,0.78,1.0079,1.59,0.09,5.0,16.8,13.1,21.5
5,3.5,10.0,0.83,1.0148,0.97,0.17,2.6,14.2,9.9,17.7
4,2.5,7.0,0.7,1.0215,2.37,0.0,9.3,15.3,9.5,21.1
6,3.1,10.0,0.71,1.0149,1.81,0.0,4.1,17.9,11.2,24.6
6,5.9,16.0,0.81,1.0101,1.54,0.35,4.5,17.4,14.4,21.7
7,5.9,14.0,0.84,1.0084,1.09,0.67,2.6,15.6,13.8,19.6
5,4.6,11.0,0.83,1.0148,1.55,0.59,6.0,15.4,11.0,19.8
8,6.5,16.0,0.89,1.0129,0.65,0.9,0.2,14.9,11.6,17.2
7,2.8,8.0,0.82,1.0124,1.18,0.3,3.5,17.2,14.0,21.7
7,5.1,10.0,0.74,1.0129,1.7,0.0,4.9,16.9,13.2,20.7
6,6.4,16.0,0.8,1.0118,1.67,0.68,6.8,14.9,11.5,19.6
6,4.1,11.0,0.77,1.0173,1.76,0.03,7.9,14.3,10.5,18.6
3,1.9,5.0,0.75,1.0182,1.7,0.0,7.3,15.2,9.3,21.5
0,3.0,9.0,0.67,1.0178,2.29,0.0,12.1,18.1,10.8,24.9
2,2.3,6.0,0.7,1.0231,2.12,0.0,10.5,19.9,14.0,25.8
0,1.9,4.0,0.73,1.0282,2.01,0.0,10.2,21.4,14.5,28.2
0,2.3,7.0,0.7,1.0269,2.07,0.0,10.0,21.1,14.8,27.0
0,3.2,8.0,0.69,1.0254,2.2,0.0,12.2,20.3,13.9,26.7
1,4.1,11.0,0.76,1.0294,1.97,0.0,9.7,19.7,15.0,25.9
0,3.9,8.0,0.74,1.0316,2.13,0.0,11.0,17.0,12.1,22.6
0,4.5,11.0,0.6,1.0267,2.26,0.0,12.0,17.2,10.9,23.9
2,3.8,13.0,0.61,1.0168,1.92,0.58,10.1,20.0,11.2,27.3
7,5.1,14.0,0.86,1.0146,1.05,1.43,3.0,18.5,16.4,23.0
5,7.0,14.0,0.7,1.0155,1.94,0.0,10.0,15.7,13.1,19.0
7,6.3,18.0,0.75,1.0095,1.33,0.28,3.4,15.2,11.3,21.8
3,7.3,19.0,0.73,1.0088,1.67,0.0,9.2,15.1,11.2,20.3
4,4.8,13.0,0.85,1.0183,1.08,0.2,4.6,12.1,8.1,16.3
2,2.2,5.0,0.75,1.0264,1.85,0.0,9.6,11.8,5.4,17.7
1,3.1,8.0,0.66,1.023,1.89,0.0,9.9,14.3,8.3,20.9
5,4.9,11.0,0.6,1.0151,1.8,0.08,8.4,18.0,12.5,24.1
4,4.1,10.0,0.77,1.0172,1.58,0.01,7.8,14.7,10.4,18.3
8,8.5,19.0,0.74,1.0128,0.67,0.09,0.1,14.0,10.5,16.7
6,8.0,16.0,0.68,1.0152,1.41,0.0,8.1,13.5,11.1,16.8
8,7.5,15.0,0.85,1.0143,0.32,1.67,0.0,12.5,10.7,14.4
7,4.6,14.0,0.94,1.0077,0.32,1.58,0.2,13.0,10.3,15.6
8,4.0,10.0,0.9,1.0147,1.02,0.21,3.4,10.9,8.9,14.3
8,4.2,10.0,0.86,1.0203,0.94,0.1,1.5,11.4,9.9,14.4
8,3.1,8.0,0.85,1.0213,1.09,0.08,3.9,14.0,10.7,17.8
7,4.3,8.0,0.93,1.0206,0.48,0.12,1.3,14.4,12.0,16.7
8,5.7,12.0,0.87,1.0181,0.58,0.01,0.4,15.4,12.7,18.2
7,3.8,11.0,0.84,1.0171,0.84,0.21,3.2,13.5,11.1,16.1
5,2.0,5.0,0.84,1.0202,0.87,0.01,3.7,12.4,6.9,16.4
7,2.7,7.0,0.85,1.0184,1.08,0.14,4.9,15.5,11.6,19.7
5,4.8,11.0,0.81,1.0195,0.87,0.04,3.6,13.2,10.2,15.8
5,4.5,10.0,0.75,1.0209,1.38,0.0,8.1,13.8,9.4,18.8
6,4.3,14.0,0.73,1.0121,1.06,0.0,4.1,17.0,13.0,22.4
8,4.9,12.0,0.87,1.0118,0.39,1.65,1.1,15.5,11.4,18.1
5,5.2,12.0,0.81,1.016,0.96,0.0,4.3,12.3,8.6,16.4
4,4.2,12.0,0.79,1.0183,1.16,0.0,7.0,11.4,8.0,15.9
6,1.7,5.0,0.81,1.018,0.81,0.0,3.4,10.8,8.4,14.2
4,3.3,9.0,0.82,1.0181,1.17,0.0,7.2,9.3,5.1,14.4
5,4.3,12.0,0.75,1.0165,1.27,0.0,8.2,8.8,5.1,13.9
3,6.0,15.0,0.64,1.019,1.22,0.0,6.9,8.6,4.0,13.2
6,3.8,8.0,0.73,1.0172,0.73,0.0,3.3,9.4,6.6,15.4
4,4.0,9.0,0.81,1.0133,1.04,0.0,5.9,11.6,7.4,16.2
6,5.4,12.0,0.76,1.0032,0.94,0.02,5.0,12.2,9.8,15.0
6,4.2,10.0,0.82,0.9979,0.93,0.43,5.9,9.5,7.0,13.7
6,4.2,10.0,0.87,0.9992,0.19,0.0,0.2,7.4,5.9,8.6
8,5.5,14.0,0.89,1.0016,0.33,0.15,0.6,8.2,6.2,10.3
7,5.4,13.0,0.85,1.0084,0.57,0.04,2.4,9.6,6.7,12.7
3,2.8,6.0,0.86,1.0085,0.89,0.0,3.8,9.4,3.7,14.7
7,4.8,16.0,0.88,1.0002,0.47,1.02,2.1,14.8,7.9,20.1
6,7.5,23.0,0.68,1.0099,1.16,0.33,8.8,13.1,10.6,17.7
7,6.3,14.0,0.74,1.0148,1.11,0.0,9.3,13.0,9.5,17.0
7,7.1,18.0,0.74,1.0104,0.48,0.01,0.9,16.3,12.7,19.5
7,5.0,11.0,0.74,1.0076,0.83,0.08,4.5,16.9,14.7,20.3
7,7.8,19.0,0.72,1.0088,0.71,0.0,5.3,13.7,10.3,15.9
5,2.5,6.0,0.82,1.0134,0.75,0.0,5.5,8.9,3.4,12.5
5,3.8,11.0,0.83,1.0051,0.75,0.04,4.5,8.6,2.8,12.2
6,3.9,9.0,0.85,0.9987,0.81,0.35,5.8,12.5,10.2,16.5
5,2.0,7.0,0.9,0.9997,0.54,0.3,2.2,11.1,5.8,18.3
5,1.3,3.0,0.93,1.0087,0.66,0.0,3.5,8.8,4.5,14.8
8,3.2,8.0,0.95,1.0195,0.23,0.0,0.0,9.0,6.4,11.1
8,3.8,9.0,0.91,1.0201,0.29,0.02,0.0,8.4,6.2,10.7
8,3.1,7.0,0.91,1.0186,0.4,0.05,1.0,9.7,7.8,11.8
5,1.6,4.0,0.91,1.0187,0.75,0.05,6.9,11.2,6.4,14.8
7,2.6,7.0,0.9,1.0207,0.52,0.03,2.9,11.1,8.4,13.5
4,3.4,8.0,0.83,1.0274,0.62,0.0,4.3,7.7,4.8,11.5
8,3.1,7.0,0.94,1.0238,0.14,0.17,0.1,8.5,6.8,10.0
7,2.0,6.0,0.85,1.023,0.57,0.0,3.8,7.3,4.7,11.2
8,2.3,5.0,0.86,1.0182,0.36,0.0,0.5,6.4,3.9,8.9
3,2.1,5.0,0.86,1.0138,0.77,0.0,7.7,2.8,-1.0,5.5
8,3.5,9.0,0.96,1.0097,0.08,1.16,0.0,3.2,0.3,4.8
6,2.3,6.0,0.92,1.0207,0.2,0.0,0.7,3.0,-0.3,4.9
6,4.6,12.0,0.93,1.0211,0.64,0.13,5.3,4.0,-1.8,8.2
4,3.3,14.0,0.87,1.0276,0.63,0.1,6.2,4.3,2.1,8.5
4,1.8,4.0,0.93,1.0329,0.58,0.0,4.5,3.0,0.0,8.1
6,4.3,9.0,0.92,1.028,0.25,0.0,0.2,3.7,-0.8,6.3
8,5.5,12.0,0.91,1.0262,0.11,0.0,0.0,8.0,5.6,9.8
8,8.3,15.0,0.91,1.0208,0.16,0.25,0.2,10.4,9.0,12.1
8,6.6,17.0,0.95,1.0106,0.06,3.04,0.0,8.2,6.4,10.7
6,5.2,16.0,0.89,1.015,0.43,1.18,3.5,1.9,0.6,8.2
6,4.6,10.0,0.82,1.0229,0.54,0.06,5.7,1.6,-0.3,4.9
6,4.5,11.0,0.89,1.0243,0.59,0.21,5.4,1.9,-1.3,7.1
8,7.4,17.0,0.89,1.0172,0.11,0.15,0.0,10.2,7.1,12.1
5,3.4,9.0,0.89,1.0262,0.17,0.15,0.0,7.4,0.4,10.0
0,1.6,4.0,0.89,1.0332,0.56,0.0,7.1,1.9,-1.7,7.3
1,1.6,9.0,0.88,1.0269,0.62,0.0,7.2,0.4,-3.5,5.7
8,5.9,10.0,0.86,1.0234,0.3,0.6,1.8,3.9,1.0,6.8
8,3.9,8.0,0.94,1.0232,0.15,0.05,0.0,7.9,6.8,8.8
8,3.8,9.0,0.91,1.0137,0.13,0.2,0.0,7.1,5.6,8.6
8,1.6,5.0,0.95,1.0169,0.22,0.0,0.1,6.3,5.4,7.6
6,2.5,7.0,0.96,1.0141,0.41,0.0,3.9,3.7,0.5,6.0
8,1.0,4.0,0.98,1.0087,0.06,0.64,0.0,2.2,1.1,3.2
6,1.4,4.0,0.94,1.0131,0.26,0.0,0.9,2.1,0.2,5.1
1,1.4,4.0,0.91,1.0223,0.48,0.0,6.2,1.2,-2.4,6.2
4,2.0,5.0,0.9,1.0306,0.58,0.0,7.0,1.6,-3.0,6.1
8,3.7,8.0,0.92,1.0302,0.14,0.0,0.0,4.0,0.7,5.5
7,3.3,6.0,0.96,1.0304,0.28,0.0,2.2,5.1,2.5,8.4
8,2.2,7.0,0.95,1.0309,0.22,0.0,0.2,4.6,2.5,6.5
4,2.8,6.0,0.89,1.0315,0.19,0.0,2.0,4.5,0.6,6.7
2,3.6,9.0,0.86,1.0262,0.54,0.0,6.8,0.5,-5.1,4.8
7,1.9,5.0,0.97,1.0266,0.36,0.0,4.2,-1.4,-5.0,2.1
8,2.4,7.0,0.96,1.0298,0.07,0.0,0.0,1.3,-0.2,2.7
8,3.2,8.0,0.93,1.0304,0.11,0.0,0.0,-1.7,-2.3,0.4
5,1.7,5.0,0.89,1.0306,0.14,0.0,0.2,-2.9,-5.2,-1.4
0,2.2,5.0,0.84,1.0285,0.52,0.0,6.8,-0.9,-5.3,3.8
4,5.4,11.0,0.73,1.0223,0.42,0.0,4.7,4.2,-0.8,8.7
5,6.5,14.0,0.85,1.0091,0.33,0.17,4.0,5.1,1.8,7.2
8,6.6,16.0,0.89,0.9967,0.1,2.0,0.2,4.9,1.5,6.8
6,5.9,16.0,0.88,1.0077,0.21,0.16,1.2,3.6,1.1,5.7
3,3.0,10.0,0.91,1.0104,0.25,0.0,1.1,0.8,-2.6,3.7
0,1.8,7.0,0.86,1.0222,0.56,0.0,6.8,-2.9,-6.3,2.9
3,2.9,8.0,0.79,1.0244,0.48,0.0,6.5,-2.9,-7.5,-0.1
8,7.5,16.0,0.92,1.0175,0.08,0.4,0.0,1.2,-0.6,3.1
8,7.9,15.0,0.91,1.0098,0.06,0.1,0.0,7.7,3.0,9.8
7,8.5,19.0,0.84,1.0028,0.29,0.05,1.6,8.6,7.0,10.7
7,5.6,20.0,0.88,0.997,0.26,0.87,2.9,4.2,1.5,10.2
8,1.8,7.0,0.96,1.0079,0.17,0.0,0.4,1.3,-0.9,3.3
7,1.9,6.0,0.97,1.0183,0.17,0.0,0.0,-1.5,-3.8,-0.4
7,6.3,17.0,0.92,1.0083,0.06,0.71,0.0,1.0,-1.9,2.8
7,3.8,10.0,0.92,1.0256,0.33,0.12,3.2,2.8,1.4,4.9
8,6.1,13.0,0.89,1.0291,0.06,0.02,0.0,5.2,3.3,7.3
8,6.4,12.0,0.92,1.024,0.11,0.29,0.0,8.5,7.2,9.6
8,5.7,19.0,0.89,1.0213,0.19,0.1,0.0,7.7,5.4,10.6
5,6.8,17.0,0.72,1.0227,0.22,0.0,1.5,5.1,2.7,9.9
7,7.0,13.0,0.87,1.0313,0.23,0.0,0.7,5.3,2.3,7.7
7,9.4,16.0,0.8,1.0274,0.44,0.04,4.8,6.3,5.3,7.7
8,6.2,13.0,0.91,1.0248,0.23,0.21,0.5,6.1,4.3,7.0
6,6.5,13.0,0.86,1.0291,0.31,0.14,2.0,7.3,6.3,8.3
8,9.3,19.0,0.81,1.026,0.16,0.0,0.0,10.1,8.1,11.3
6,10.3,21.0,0.73,1.0172,0.09,0.06,0.2,8.3,6.0,10.6
6,7.3,13.0,0.77,1.0245,0.46,0.0,5.9,7.7,5.8,10.7
6,7.4,14.0,0.73,1.0211,0.48,0.09,4.6,10.9,7.7,14.2
7,7.3,16.0,0.84,1.0229,0.33,0.08,1.9,9.6,7.7,10.8
6,6.3,12.0,0.85,1.0224,0.31,0.26,1.9,7.7,4.9,10.1
3,5.4,12.0,0.82,1.0279,0.36,0.03,3.3,4.3,0.8,6.9
0,2.5,5.0,0.88,1.0317,0.54,0.0,7.1,1.1,-3.9,5.7
0,1.8,4.0,0.84,1.029,0.6,0.0,7.1,-0.4,-4.1,4.8
2,3.2,8.0,0.72,1.0249,0.56,0.0,7.3,1.9,-3.9,7.2
8,6.8,14.0,0.88,1.0173,0.3,0.22,1.5,5.4,2.9,7.5
7,6.7,15.0,0.92,0.9987,0.07,1.59,0.0,3.9,0.0,7.2
6,5.9,15.0,0.84,1.0103,0.25,0.04,1.3,4.5,2.9,5.9
8,9.4,20.0,0.88,1.0053,0.1,1.54,0.0,9.3,4.9,10.8
6,6.5,22.0,0.76,1.01,0.3,0.05,1.3,4.9,2.6,8.1
6,3.4,8.0,0.86,1.0178,0.41,0.04,2.5,3.2,1.8,6.5
5,3.7,12.0,0.86,1.0207,0.59,0.26,6.4,1.9,-0.8,5.3
7,4.7,12.0,0.82,1.0219,0.46,0.08,2.7,-0.4,-3.1,1.5
7,4.6,11.0,0.82,1.025,0.45,0.02,3.2,-1.7,-4.7,-0.3
6,5.6,11.0,0.76,1.0284,0.56,0.0,4.7,-2.0,-3.3,0.6
8,2.5,7.0,0.89,1.0203,0.26,0.0,0.0,-1.3,-3.0,-0.2
8,1.8,5.0,0.9,1.0149,0.49,0.0,3.1,0.4,-1.0,3.1
6,2.4,6.0,0.75,1.025,0.71,0.0,5.9,-0.3,-3.8,1.6
8,3.5,10.0,0.94,1.0297,0.22,0.19,0.1,2.4,-0.1,5.1
8,5.0,13.0,0.95,1.0261,0.18,0.46,0.0,5.5,4.3,7.6
8,4.4,12.0,0.83,1.0278,0.39,0.0,1.9,4.2,3.2,5.7
8,3.8,9.0,0.93,1.0308,0.24,0.33,0.8,5.0,3.2,7.0
8,2.7,8.0,0.89,1.0332,0.22,0.09,0.1,5.2,4.3,6.2
5,2.2,5.0,0.82,1.0318,0.35,0.0,2.1,4.0,0.4,8.6
2,3.1,8.0,0.76,1.0235,0.79,0.0,7.6,1.3,-2.9,5.3
2,2.7,7.0,0.76,1.0253,0.82,0.0,6.8,2.2,-1.6,7.6
0,2.8,6.0,0.82,1.0257,0.84,0.0,8.3,-0.2,-3.2,4.6
1,2.3,6.0,0.79,1.0281,0.87,0.0,8.3,1.8,-3.8,7.8
6,5.3,13.0,0.77,1.0291,0.46,0.0,2.1,5.8,1.9,9.9
8,9.2,15.0,0.88,1.0239,0.09,1.41,0.0,7.4,6.6,8.1
8,4.4,12.0,0.96,1.0191,0.12,0.89,0.0,7.8,7.1,8.9
8,9.7,21.0,0.9,1.0021,0.13,1.49,0.0,8.8,4.1,11.6
7,6.3,18.0,0.89,0.9996,0.39,0.65,2.5,2.6,0.4,5.7
7,5.6,14.0,0.88,1.0068,0.45,0.53,3.1,2.5,0.7,4.8
8,7.1,14.0,0.82,1.0165,0.33,0.0,1.2,0.5,-1.5,3.4
8,5.3,11.0,0.73,1.0248,0.47,0.0,1.6,-0.8,-2.3,1.7
8,2.3,9.0,0.67,1.0269,0.3,0.0,0.0,-1.4,-2.2,-0.7
7,4.5,11.0,0.73,1.0203,0.79,0.28,5.4,-0.4,-4.1,1.8
8,3.5,10.0,0.94,1.0103,0.49,0.11,2.1,1.7,0.5,4.9
8,3.3,9.0,0.96,1.0077,0.33,0.17,0.8,0.8,-0.5,3.8
7,2.9,9.0,0.87,1.0089,0.62,0.03,2.8,0.7,-0.4,3.4
6,5.9,13.0,0.76,1.0106,0.78,0.0,4.1,-0.9,-2.6,1.8
8,2.8,6.0,0.89,1.011,0.3,0.08,0.2,-2.4,-3.6,-1.1
5,3.3,7.0,0.78,1.0137,1.08,0.0,8.9,-1.8,-3.9,0.5
4,2.3,8.0,0.79,1.0179,1.11,0.0,7.9,-1.3,-5.6,2.2
8,2.5,11.0,0.93,1.0152,0.15,0.09,0.0,0.0,-1.4,1.7
3,6.0,13.0,0.64,1.0225,1.11,0.0,7.4,-3.3,-5.8,-0.9
1,2.5,6.0,0.63,1.0238,1.38,0.0,9.8,-4.8,-7.9,-0.8
8,6.4,13.0,0.62,1.0101,0.51,0.0,0.4,-3.6,-7.5,-1.2
7,5.2,13.0,0.63,1.0037,0.58,0.01,1.1,-0.4,-3.0,3.0
7,4.3,11.0,0.87,1.0108,0.6,0.05,1.2,-1.4,-2.8,0.5
6,3.7,9.0,0.79,1.0122,1.1,0.05,4.4,-2.4,-6.8,0.4
7,2.6,8.0,0.92,1.0066,0.48,0.06,0.3,-1.3,-2.3,0.2
7,4.4,9.0,0.83,1.0221,1.05,0.12,4.4,-1.9,-5.9,0.8
8,3.2,8.0,0.91,1.0227,0.49,0.05,0.6,2.5,0.3,4.9
8,3.9,9.0,0.91,1.0241,0.37,0.09,0.1,4.0,2.9,5.7
8,3.5,9.0,0.89,1.0285,0.55,0.1,0.8,4.0,1.7,6.6
5,2.1,7.0,0.79,1.0286,1.4,0.0,8.0,3.4,-1.1,7.7
8,8.3,16.0,0.84,1.0111,0.16,0.6,0.0,4.0,0.7,6.7
8,5.5,16.0,0.87,1.0047,0.74,0.15,2.5,2.3,0.4,4.6
8,5.0,13.0,0.74,1.0117,0.97,0.03,3.3,4.1,2.1,7.6
7,3.5,8.0,0.7,1.0149,0.72,0.0,0.5,4.8,0.6,7.7
3,5.3,12.0,0.65,1.0211,1.64,0.0,10.1,8.1,0.3,13.4
2,7.1,14.0,0.6,1.0219,1.61,0.0,10.4,15.0,9.3,20.4
6,8.5,18.0,0.78,1.0251,1.15,0.01,5.8,12.8,9.0,15.5
6,5.6,13.0,0.82,1.028,1.18,0.0,4.0,10.6,7.0,14.0
8,2.3,5.0,0.88,1.0253,0.49,0.0,0.0,10.8,9.5,12.6
7,3.2,6.0,0.84,1.0218,0.95,0.0,3.6,8.9,6.8,12.4
2,4.9,10.0,0.58,1.0145,1.91,0.0,10.8,10.3,4.0,17.1
7,4.4,13.0,0.68,1.0108,1.25,0.17,4.2,12.7,7.6,19.4
2,2.8,9.0,0.75,1.018,1.73,0.0,9.7,12.5,6.8,17.9
6,3.2,10.0,0.82,1.0155,0.59,0.25,0.7,12.3,7.6,18.6
7,2.6,10.0,0.85,1.0168,1.29,0.08,4.6,11.6,8.8,16.1
4,2.1,6.0,0.78,1.0076,1.85,0.0,8.7,11.9,6.2,17.1
8,2.3,6.0,0.86,1.0058,0.66,0.03,0.3,11.9,8.9,15.3
6,2.9,8.0,0.88,1.0118,0.96,0.01,3.6,11.0,7.7,13.9
8,2.3,7.0,0.83,1.0127,1.19,0.14,3.2,12.0,7.1,16.6
8,2.3,7.0,0.93,1.015,0.5,1.21,0.0,10.8,8.9,13.3
6,1.7,5.0,0.85,1.0231,1.32,0.0,3.5,11.3,8.0,15.4
0,3.0,8.0,0.63,1.0254,2.1,0.0,11.4,10.9,4.6,17.0
1,3.0,7.0,0.52,1.0218,2.29,0.0,11.6,11.1,3.3,18.4
2,3.3,8.0,0.53,1.022,2.15,0.0,11.6,14.5,8.7,20.5
4,5.2,14.0,0.58,1.0218,1.86,0.03,8.7,14.0,7.3,19.3
7,3.5,9.0,0.74,1.0251,1.59,0.21,6.7,9.1,5.8,12.9
6,5.8,16.0,0.75,1.0158,1.31,0.14,3.2,9.9,4.3,14.5
5,8.0,19.0,0.71,1.0032,1.55,0.13,8.1,9.1,5.6,12.6
7,5.0,11.0,0.81,1.0044,0.77,0.02,2.0,6.2,3.6,9.4
7,5.5,14.0,0.71,1.0192,1.83,0.09,6.1,4.7,1.5,8.3
6,3.9,8.0,0.85,1.0251,0.8,0.09,1.8,7.1,4.2,11.1
4,1.4,4.0,0.8,1.0289,1.25,0.0,3.0,8.0,0.8,13.5
7,1.2,4.0,0.72,1.0216,1.14,0.0,1.3,10.5,4.1,14.9
7,4.5,12.0,0.79,1.0111,1.3,0.01,1.5,10.8,5.1,15.4
6,3.8,10.0,0.68,1.0047,1.45,0.04,2.0,12.8,9.3,16.7
7,4.2,14.0,0.73,1.0043,1.29,0.02,4.1,10.9,7.6,16.8
8,4.0,9.0,0.95,1.0054,0.2,0.58,0.0,7.5,6.5,8.6
8,3.0,6.0,0.98,1.0019,0.39,0.0,0.0,9.0,7.3,10.6
6,3.8,11.0,0.81,1.0014,1.57,0.0,4.8,11.1,8.2,16.2
8,1.5,5.0,0.92,1.0055,0.49,0.48,0.2,8.1,5.4,9.4
6,2.4,8.0,0.85,1.0121,0.71,0.2,1.5,7.6,3.7,11.4
0,3.2,9.0,0.57,1.0193,2.76,0.0,13.0,7.8,1.5,12.8
0,2.3,7.0,0.56,1.016,2.73,0.0,13.2,9.5,0.7,15.3
4,2.8,9.0,0.6,1.0112,1.9,0.0,6.0,11.0,2.9,17.3
5,2.8,9.0,0.75,1.0086,2.04,0.01,7.3,13.1,6.0,18.7
8,3.3,8.0,0.91,1.0075,0.79,0.81,0.2,12.4,10.1,15.0
7,4.5,11.0,0.79,1.0133,1.67,0.34,4.1,12.3,9.5,16.3
5,5.9,15.0,0.74,1.0168,2.01,0.23,7.3,10.9,6.2,15.4
7,3.3,9.0,0.64,1.0208,1.99,0.0,5.7,13.4,6.1,18.5
8,2.8,9.0,0.92,1.0199,0.53,0.93,0.1,14.1,11.9,16.8
6,1.8,9.0,0.79,1.0158,1.83,0.0,4.4,16.8,13.0,21.8
1,3.1,8.0,0.59,1.0103,2.73,0.0,12.8,21.5,12.0,29.2
5,3.0,17.0,0.7,1.0119,1.78,0.0,5.1,19.2,14.9,23.8
6,3.8,13.0,0.79,1.0126,1.62,0.46,5.2,15.5,11.7,19.3
8,3.8,9.0,0.91,1.0139,0.71,0.43,0.0,11.7,10.5,13.7
7,4.3,11.0,0.65,1.0186,2.21,0.03,5.8,10.4,6.0,14.1
7,4.4,14.0,0.76,1.0151,1.38,0.48,4.4,10.2,7.0,13.2
6,5.7,18.0,0.8,1.0086,1.25,1.22,4.3,8.9,4.7,11.9
6,4.4,16.0,0.79,1.0117,1.96,0.07,6.5,7.4,2.8,11.5
5,4.2,12.0,0.73,1.0138,2.25,0.07,9.9,7.9,4.1,12.9
6,2.9,12.0,0.77,1.0192,1.83,0.33,6.3,7.4,3.2,12.1
5,2.8,8.0,0.74,1.0243,2.07,0.0,5.7,8.0,2.9,13.0
1,4.6,11.0,0.66,1.022,3.19,0.0,14.0,9.7,3.0,14.9
7,4.8,10.0,0.68,1.0177,0.95,0.0,1.3,10.9,5.8,14.3
7,4.2,10.0,0.71,1.0124,1.33,0.0,0.4,12.3,6.8,16.6
6,3.2,9.0,0.82,1.0159,0.71,0.0,2.5,9.4,6.1,15.1
4,3.1,9.0,0.69,1.014,2.64,0.0,9.2,11.9,5.2,18.2
7,3.6,8.0,0.69,1.0176,1.51,0.03,1.8,7.8,4.4,11.2
2,2.0,8.0,0.62,1.023,2.94,0.0,11.4,8.3,2.9,14.1
5,4.1,10.0,0.55,1.0215,2.74,0.0,8.5,13.7,4.9,19.5
8,3.8,12.0,0.68,1.0156,1.89,0.46,3.8,17.1,12.0,22.7
7,4.4,13.0,0.71,1.0122,2.24,0.0,7.3,16.1,12.7,20.4
6,4.6,11.0,0.66,1.0116,2.28,0.0,7.1,15.2,11.3,20.3
4,4.6,13.0,0.66,1.0181,2.6,0.0,8.6,13.0,7.9,17.9
7,4.7,12.0,0.64,1.0226,1.78,0.0,3.2,14.4,7.4,19.3
3,3.0,9.0,0.65,1.0238,3.02,0.0,12.1,18.7,12.5,24.4
2,3.5,11.0,0.54,1.0185,2.95,0.0,11.8,22.8,12.8,29.8
0,2.4,7.0,0.52,1.0147,3.18,0.0,14.5,24.6,15.5,32.1
1,4.4,9.0,0.57,1.0156,3.05,0.0,14.1,22.8,15.4,28.7
5,3.5,11.0,0.55,1.0187,2.84,0.02,9.2,17.5,12.3,23.5
7,3.3,11.0,0.86,1.0207,0.63,0.3,0.2,11.1,7.0,13.5
4,3.4,9.0,0.75,1.0259,2.35,0.0,8.4,12.2,5.8,18.5
3,1.7,6.0,0.61,1.0229,2.92,0.0,11.2,14.1,6.4,19.8
6,4.1,11.0,0.72,1.0166,1.83,0.01,4.2,17.0,13.1,21.9
4,4.4,17.0,0.68,1.0097,2.47,0.13,7.8,19.4,12.5,28.5
6,6.9,15.0,0.74,1.0136,1.77,0.99,6.4,13.9,11.0,17.9
8,5.3,13.0,0.79,1.0174,1.2,0.25,0.5,13.6,11.2,17.0
7,4.4,9.0,0.75,1.022,1.55,0.0,2.9,12.3,8.1,15.9
6,4.0,9.0,0.63,1.0332,1.97,0.0,5.5,10.5,7.2,14.4
2,3.0,9.0,0.63,1.0358,2.99,0.0,11.9,11.8,5.6,17.0
1,2.3,7.0,0.58,1.03,3.18,0.0,13.5,13.5,7.0,18.6
6,3.0,9.0,0.63,1.0212,2.32,0.0,7.4,14.6,8.1,20.4
6,3.0,8.0,0.62,1.0157,1.68,0.0,3.6,11.4,7.8,14.9
5,3.8,10.0,0.63,1.01,2.47,0.0,7.2,12.7,6.2,17.9
4,3.8,10.0,0.59,1.0074,2.93,0.11,10.6,13.7,9.4,18.4
2,2.9,9.0,0.5,1.0122,3.16,0.0,11.5,16.3,7.2,22.8
4,3.8,11.0,0.58,1.018,2.78,0.0,9.4,18.8,9.0,26.2
7,5.0,13.0,0.62,1.023,2.5,0.06,5.2,19.7,15.7,24.5
8,3.9,10.0,0.78,1.0268,0.96,0.0,0.4,20.1,17.2,22.5
2,2.9,7.0,0.59,1.026,3.39,0.0,13.4,21.4,16.7,26.1
0,2.8,9.0,0.46,1.0195,3.5,0.0,15.2,23.3,13.2,30.6
1,2.1,7.0,0.45,1.0153,3.34,0.0,14.5,26.5,16.5,33.5
4,3.4,9.0,0.59,1.018,2.57,0.0,7.8,22.9,18.7,28.7
1,2.3,7.0,0.56,1.0224,3.17,0.0,12.8,21.2,15.3,26.6
2,2.2,6.0,0.5,1.0183,3.28,0.0,14.7,25.2,16.1,31.6
2,3.0,8.0,0.48,1.0129,3.15,0.0,13.0,26.9,21.3,32.9
8,4.3,11.0,0.73,1.0163,1.19,0.01,0.9,21.7,17.0,24.9
5,3.1,8.0,0.66,1.0235,2.7,0.0,8.4,19.0,14.8,24.1
1,2.7,7.0,0.57,1.0209,3.28,0.0,14.4,21.0,13.0,27.5
2,4.0,11.0,0.54,1.0158,3.18,0.42,12.4,21.7,14.5,28.5
7,3.0,9.0,0.85,1.0086,1.86,1.46,3.8,20.1,16.3,26.3
7,3.3,15.0,0.8,1.009,2.14,0.93,6.7,18.4,14.2,24.2
6,5.0,12.0,0.81,1.0146,1.77,0.3,4.7,17.1,14.2,21.9
7,2.9,7.0,0.88,1.0198,0.9,0.21,0.5,17.8,15.7,20.4
4,1.8,6.0,0.71,1.0164,2.7,0.0,10.2,22.1,14.1,27.8
5,5.5,22.0,0.73,1.0076,1.6,1.21,5.6,18.4,12.6,26.0
4,4.3,13.0,0.68,1.0138,2.23,0.04,9.7,14.4,10.7,18.3
8,4.7,14.0,0.83,1.008,1.36,0.56,1.8,15.1,13.1,19.3
8,3.0,10.0,0.84,1.0105,1.05,0.0,0.8,13.7,11.0,16.3
6,1.6,9.0,0.88,1.0157,1.12,0.11,0.6,13.9,10.3,17.8
4,2.8,8.0,0.78,1.0208,2.87,0.0,9.9,16.7,9.3,23.1
4,4.6,12.0,0.69,1.0248,2.85,0.0,10.6,21.6,15.0,28.0
3,4.3,10.0,0.68,1.0274,3.28,0.08,13.8,21.9,17.0,28.2
4,3.3,7.0,0.73,1.0272,2.4,0.0,8.1,20.8,16.4,26.7
1,3.0,8.0,0.71,1.0234,2.99,0.0,11.0,22.1,17.0,27.5
1,1.7,7.0,0.65,1.0196,3.05,0.0,13.5,22.9,17.0,28.7
4,3.5,11.0,0.6,1.0144,2.23,0.0,5.7,23.1,18.0,28.3
3,2.4,8.0,0.68,1.0153,2.36,0.0,7.1,20.4,15.5,25.7
2,2.0,6.0,0.6,1.0159,3.13,0.0,12.1,19.3,13.6,24.2
4,2.8,10.0,0.65,1.0096,2.63,0.0,9.4,20.8,13.3,26.9
7,6.4,15.0,0.61,1.0161,1.9,0.0,5.2,18.2,16.4,21.7
6,7.0,16.0,0.62,1.0188,2.08,0.0,6.4,17.5,13.3,22.1
6,5.1,11.0,0.76,1.0176,1.29,0.0,3.2,15.3,11.1,19.7
8,4.0,9.0,0.79,1.0141,0.86,0.09,0.3,14.5,12.5,16.9
6,3.3,9.0,0.7,1.0109,2.09,0.0,4.7,15.8,12.0,20.5
6,3.0,8.0,0.82,1.0068,1.46,0.23,3.1,17.7,13.5,23.3
7,5.0,14.0,0.83,1.0051,1.59,0.9,4.9,18.2,15.3,23.5
8,2.6,8.0,0.82,1.0117,1.26,0.02,0.2,16.5,13.8,19.3
7,2.6,8.0,0.82,1.0102,1.64,0.31,2.9,20.6,16.0,28.0
4,3.5,11.0,0.67,1.0101,2.38,0.0,8.7,24.2,18.3,31.5
7,3.5,14.0,0.79,1.0118,1.69,2.35,3.4,21.6,17.2,26.0
4,4.6,12.0,0.75,1.0135,2.14,0.44,8.3,17.4,14.1,21.0
7,4.7,15.0,0.8,1.0139,1.17,0.2,3.6,16.0,14.0,18.4
8,2.2,6.0,0.72,1.0189,1.78,0.0,2.2,16.7,13.6,19.9
2,3.0,9.0,0.68,1.0213,2.91,0.0,11.8,16.4,11.5,20.9
3,3.5,15.0,0.77,1.0214,2.43,0.06,10.3,15.9,9.9,23.9
4,3.1,9.0,0.7,1.0247,1.96,0.0,8.0,16.2,11.2,21.0
7,5.0,12.0,0.86,1.0189,1.05,0.32,1.1,15.0,10.9,19.7
5,4.0,15.0,0.8,1.0184,1.85,0.14,5.5,14.2,11.4,18.6
7,3.2,13.0,0.84,1.0154,1.68,0.4,5.4,12.9,9.8,16.5
7,3.4,9.0,0.86,1.0169,1.19,0.61,2.7,14.1,11.3,17.6
6,3.7,10.0,0.74,1.0156,1.97,0.0,7.0,15.0,11.2,20.1
5,3.3,8.0,0.73,1.0147,1.69,0.0,5.9,14.6,10.0,20.0
6,2.8,8.0,0.83,1.0149,1.65,0.17,2.9,17.0,13.3,21.8
5,3.6,10.0,0.82,1.0139,1.69,0.25,5.3,15.9,11.9,21.2
4,3.3,9.0,0.73,1.0174,2.28,0.05,8.2,16.2,8.3,22.1
8,4.6,14.0,0.86,1.0123,1.48,3.36,5.1,15.5,13.9,18.4
8,4.4,12.0,0.87,1.0215,0.61,0.41,0.7,14.3,12.5,16.9
4,2.1,5.0,0.81,1.0231,1.76,0.0,4.6,15.6,11.7,19.8
0,3.2,9.0,0.73,1.0197,2.68,0.0,11.7,18.6,11.4,25.2
1,3.2,9.0,0.71,1.0141,2.45,0.0,11.0,20.8,14.7,27.4
4,3.3,13.0,0.83,1.0132,1.34,0.13,3.7,19.0,15.6,23.9
8,3.6,11.0,0.92,1.0177,0.44,0.03,0.0,15.3,13.7,17.1
8,2.8,7.0,0.83,1.0199,0.98,0.0,1.1,17.3,13.6,19.9
6,2.1,5.0,0.82,1.0161,1.01,0.0,0.9,17.0,13.5,19.8
7,2.8,9.0,0.93,1.0157,0.55,0.47,0.1,15.4,12.4,17.7
5,4.3,11.0,0.73,1.013,2.15,0.0,8.3,15.9,9.1,20.5
7,4.8,13.0,0.89,1.0063,0.74,1.1,1.9,13.7,11.1,17.5
3,5.7,14.0,0.75,1.0164,1.95,0.0,8.2,13.7,10.4,19.0
4,3.0,8.0,0.73,1.0193,2.14,0.0,8.5,15.5,10.2,21.1
0,1.7,6.0,0.7,1.023,2.24,0.0,10.8,16.4,10.0,22.2
0,1.8,5.0,0.64,1.0241,2.41,0.0,12.2,19.2,11.6,26.0
0,3.0,8.0,0.66,1.0242,2.37,0.0,12.0,20.8,12.8,27.6
0,3.3,8.0,0.59,1.0153,2.37,0.0,12.1,23.5,16.8,30.4
6,4.0,12.0,0.72,1.016,1.34,0.0,3.2,20.8,18.5,22.9
2,2.5,7.0,0.71,1.0253,2.25,0.0,9.6,19.8,15.7,24.9
2,3.1,8.0,0.75,1.0278,1.92,0.0,8.2,19.0,13.4,25.5
0,3.5,9.0,0.66,1.0227,2.3,0.0,11.8,20.0,14.1,26.8
0,2.9,7.0,0.57,1.0144,2.24,0.0,11.8,21.1,13.7,28.8
3,2.1,8.0,0.74,1.0109,1.78,0.0,7.3,21.2,15.8,26.7
0,1.7,7.0,0.74,1.0125,1.97,0.0,10.1,21.5,15.3,27.4
2,2.4,7.0,0.69,1.0138,1.61,0.0,8.4,22.2,16.7,28.4
8,2.3,8.0,0.83,1.0111,0.81,0.28,0.8,20.0,17.3,25.3
6,1.7,7.0,0.84,1.0102,1.51,0.0,4.4,19.5,15.0,26.2
8,2.5,6.0,0.94,1.0111,0.31,0.0,0.0,17.2,16.1,18.8
7,4.5,10.0,0.82,1.0183,0.43,0.0,0.0,16.6,12.5,19.2
1,1.9,6.0,0.78,1.0251,1.82,0.0,9.9,15.1,9.9,21.0
7,4.9,11.0,0.87,1.0224,0.79,0.02,1.5,16.3,11.9,19.5
8,6.1,13.0,0.9,1.0149,0.68,1.13,1.0,17.8,16.6,21.6
5,6.1,15.0,0.8,1.0111,1.02,0.55,4.6,12.5,7.8,17.2
2,2.5,9.0,0.74,1.0226,1.67,0.0,9.7,10.5,6.1,15.9
0,1.9,7.0,0.74,1.0277,1.97,0.0,11.3,10.9,4.3,16.6
0,2.0,7.0,0.68,1.026,1.98,0.0,11.5,12.0,5.8,18.0
0,1.7,5.0,0.69,1.025,1.81,0.0,11.0,12.7,5.4,19.4
0,2.0,8.0,0.69,1.0232,1.84,0.0,11.2,13.6,5.9,20.4
0,2.4,7.0,0.64,1.0203,1.82,0.0,11.2,14.9,7.6,21.7
2,3.3,8.0,0.67,1.0157,1.73,0.0,10.2,16.1,9.9,22.2
5,2.0,4.0,0.79,1.0172,1.19,0.01,4.3,15.6,12.3,20.4
7,3.5,11.0,0.78,1.0137,1.19,0.01,4.4,16.6,12.1,21.7
5,4.6,11.0,0.8,1.0188,1.0,0.0,4.4,14.7,10.6,18.3
8,5.8,14.0,0.78,1.0179,0.91,0.18,1.7,15.7,13.4,19.7
6,4.6,14.0,0.76,1.0201,1.35,0.07,5.8,13.3,9.6,17.0
7,5.0,13.0,0.75,1.0182,1.2,0.3,6.6,12.0,9.3,15.8
7,6.5,13.0,0.81,1.0217,0.81,0.22,1.3,11.9,7.0,15.6
6,4.3,11.0,0.85,1.0138,0.89,0.97,4.4,12.8,8.3,16.7
5,2.8,6.0,0.85,1.0207,1.03,0.23,5.4,11.1,7.2,15.5
4,2.5,7.0,0.9,1.0287,1.0,0.0,5.4,10.3,6.9,14.7
5,4.9,10.0,0.91,1.0266,0.41,0.0,0.0,11.4,8.4,14.3
5,2.9,7.0,0.92,1.0247,0.54,0.0,1.5,13.5,11.1,18.0
4,2.2,10.0,0.91,1.0231,1.19,0.0,6.8,14.3,10.2,19.8
3,1.6,4.0,0.9,1.0194,1.24,0.0,7.8,13.0,7.8,19.9
5,2.5,7.0,0.88,1.0184,0.97,0.0,3.1,13.9,8.9,19.3
2,3.1,8.0,0.85,1.0217,1.1,0.0,6.5,14.7,11.1,19.1
0,2.8,6.0,0.7,1.0206,1.35,0.0,9.5,16.6,9.2,23.4
0,2.8,6.0,0.71,1.0161,1.34,0.0,10.0,15.9,9.6,22.1
0,4.0,9.0,0.68,1.0157,1.29,0.0,9.8,15.8,9.6,21.9
0,1.7,5.0,0.78,1.0185,1.23,0.0,9.7,14.2,7.9,22.2
0,2.3,5.0,0.82,1.0259,1.1,0.0,8.3,14.1,9.2,20.8
0,3.2,10.0,0.77,1.0276,1.23,0.0,8.8,12.3,5.3,19.8
0,4.4,10.0,0.72,1.0248,1.25,0.0,9.7,12.1,7.1,18.3
0,5.0,13.0,0.67,1.0239,1.3,0.0,9.3,9.1,5.5,14.2
1,5.3,14.0,0.63,1.019,1.23,0.0,9.7,9.2,4.2,15.0
5,4.5,9.0,0.84,1.0138,0.39,0.57,2.8,11.4,5.7,15.9
6,5.3,14.0,0.79,1.011,0.87,0.03,5.7,12.8,8.7,16.0
8,5.9,15.0,0.85,1.0031,0.48,0.58,1.7,14.2,10.5,17.7
7,4.3,13.0,0.92,1.0026,0.34,2.11,1.0,12.8,11.5,17.3
7,4.0,12.0,0.86,1.0132,0.71,0.48,4.4,12.7,11.3,15.5
8,7.1,13.0,0.9,1.0151,0.12,1.23,0.0,12.6,10.6,14.6
6,9.3,19.0,0.8,1.009,0.26,0.5,1.2,14.4,12.9,17.0
3,5.1,12.0,0.84,1.0177,0.73,0.0,6.0,15.0,12.7,18.5
1,4.1,10.0,0.69,1.0173,0.95,0.0,8.4,17.5,12.7,21.6
3,4.5,11.0,0.69,1.0157,0.84,0.0,6.1,17.5,12.6,22.5
6,4.5,10.0,0.7,1.0151,0.76,0.0,5.4,17.8,14.5,22.3
1,4.6,10.0,0.64,1.0136,0.94,0.0,8.7,17.5,14.5,22.6
4,4.5,11.0,0.69,1.0097,0.77,0.0,6.2,17.3,13.6,20.9
4,5.6,16.0,0.77,1.0153,0.67,0.04,5.2,12.3,7.5,15.8
8,6.6,14.0,0.85,1.0134,0.29,0.49,0.6,13.1,7.9,15.5
4,8.8,20.0,0.73,1.0118,0.83,0.2,7.9,15.9,13.6,19.1
7,5.1,10.0,0.86,1.0149,0.36,0.14,0.4,12.6,9.1,14.7
4,6.0,12.0,0.86,1.0232,0.43,0.0,3.5,8.4,6.7,10.7
2,6.6,14.0,0.79,1.0236,0.81,0.0,8.1,10.8,8.4,14.6
6,6.0,13.0,0.87,1.0224,0.19,0.39,0.7,10.1,7.4,12.2
1,4.6,12.0,0.71,1.0195,0.78,0.0,7.5,12.9,9.2,17.9
6,4.1,10.0,0.8,1.0226,0.37,0.0,1.3,10.6,8.7,13.3
5,5.7,13.0,0.86,1.0333,0.64,0.04,6.0,8.4,4.2,11.7
8,7.3,16.0,0.88,1.0259,0.27,0.07,0.8,10.6,8.8,12.5
8,4.7,14.0,0.85,1.0165,0.22,0.13,0.8,8.4,6.4,10.0
4,2.0,5.0,0.87,1.023,0.45,0.0,2.9,7.6,3.4,11.1
8,2.1,7.0,0.99,1.0248,0.21,0.0,0.0,4.3,2.5,5.6
8,6.0,12.0,0.97,1.0101,0.05,0.7,0.2,6.3,4.2,7.3
7,3.6,12.0,0.92,1.0039,0.25,0.16,1.3,5.2,2.0,7.3
7,3.3,9.0,0.92,1.0129,0.28,0.02,1.3,4.0,1.9,5.9
4,2.3,6.0,0.89,1.022,0.55,0.0,5.5,3.5,-0.1,7.5
7,3.5,7.0,0.99,1.0302,0.22,0.0,0.0,0.7,-1.3,2.2
8,4.6,8.0,0.96,1.0318,0.27,0.0,0.9,2.6,1.5,4.0
6,3.2,10.0,0.98,1.032,0.12,0.07,1.2,3.8,0.3,8.6
4,3.0,6.0,0.94,1.0377,0.41,0.0,2.1,-0.2,-3.4,2.9
6,2.3,6.0,0.96,1.0351,0.38,0.0,3.7,-0.8,-2.4,2.3
8,5.5,15.0,0.95,1.012,0.21,0.62,0.4,0.7,-2.0,3.3
8,11.7,21.0,0.83,0.9863,0.19,0.54,0.7,1.1,-0.3,2.0
8,9.3,18.0,0.96,0.9871,0.11,0.7,0.0,0.7,-0.2,1.5
8,3.0,9.0,0.95,0.9926,0.12,0.23,0.2,0.8,-0.1,1.7
7,4.3,9.0,0.94,0.9984,0.08,0.04,0.0,2.0,0.3,3.7
8,4.6,9.0,0.92,1.0062,0.19,0.0,0.3,2.1,0.2,3.3
7,5.4,10.0,0.85,1.0131,0.21,0.0,0.2,2.4,0.5,4.2
1,4.3,11.0,0.74,1.0082,0.52,0.0,7.2,0.9,-1.8,4.1
6,6.1,13.0,0.73,0.9955,0.12,0.0,0.0,5.0,-1.8,7.4
7,7.8,17.0,0.79,0.9949,0.22,0.18,0.2,7.6,6.3,8.8
8,5.8,13.0,0.89,0.9941,0.24,0.45,1.1,7.8,6.2,9.6
8,5.5,10.0,0.89,0.9985,0.12,0.02,0.0,6.4,5.4,7.5
8,4.7,9.0,0.91,1.0051,0.05,0.08,0.0,4.8,3.9,5.6
8,4.6,8.0,0.92,1.0137,0.08,0.07,0.0,5.4,4.4,6.3
5,3.2,7.0,0.89,1.0179,0.23,0.0,1.5,3.5,-0.5,6.4
6,2.8,8.0,0.91,1.0366,0.23,0.0,1.7,2.0,-2.3,4.2
3,1.6,4.0,0.97,1.042,0.52,0.0,6.8,-1.5,-4.4,3.4
4,1.4,4.0,0.89,1.0389,0.25,0.0,1.6,-0.5,-3.9,2.9
8,2.8,9.0,0.95,1.0346,0.07,0.09,0.7,3.6,1.0,6.4
8,2.3,8.0,0.86,1.0347,0.17,0.0,0.0,5.1,3.2,7.1
8,2.5,7.0,0.93,1.0272,0.18,0.07,0.3,5.1,3.7,7.4
8,4.0,11.0,0.93,1.0198,0.09,0.01,0.0,5.9,3.6,7.2
8,5.7,16.0,0.9,1.0058,0.05,1.32,0.0,5.6,2.1,9.0
7,3.5,14.0,0.94,1.0124,0.22,0.42,1.9,0.4,-0.6,2.2
8,4.2,10.0,0.93,1.0213,0.11,0.02,0.0,1.0,-0.3,2.4
8,5.4,14.0,0.97,1.0224,0.04,0.35,0.0,2.5,0.1,4.7
8,5.0,10.0,0.95,1.0306,0.06,0.04,0.0,3.3,3.0,3.9
8,5.3,10.0,0.89,1.0326,0.15,0.0,0.0,3.9,2.6,4.9
8,4.6,10.0,0.97,1.0296,0.04,0.24,0.0,5.5,4.0,6.9
8,4.1,8.0,0.9,1.0269,0.08,0.0,0.0,6.3,5.8,7.0
8,3.5,8.0,0.94,1.024,0.05,0.05,0.0,6.1,4.6,6.7
7,2.1,6.0,0.94,1.0224,0.27,0.14,1.8,3.6,0.8,6.3
7,3.2,12.0,0.94,1.0144,0.26,0.1,2.2,1.1,-2.5,3.7
8,5.4,11.0,0.95,1.01,0.21,0.05,0.4,-2.2,-3.1,-1.5
8,4.3,10.0,0.92,1.0121,0.16,0.05,0.2,-3.2,-5.6,-2.1
7,3.8,9.0,0.9,1.0153,0.49,0.04,4.5,-2.9,-6.3,-0.8
6,6.4,15.0,0.79,1.0092,0.32,0.46,2.4,-1.5,-3.3,1.3
7,8.0,17.0,0.87,0.998,0.14,0.03,1.0,5.3,1.2,7.2
6,4.5,11.0,0.86,1.0037,0.3,0.0,2.8,4.0,-0.7,7.0
8,1.6,4.0,0.98,1.0222,0.12,0.0,0.0,1.8,-0.8,2.9
8,1.4,4.0,0.98,1.0302,0.2,0.0,0.5,-0.4,-2.3,2.0
5,3.5,8.0,0.88,1.0297,0.55,0.0,7.0,0.3,-1.4,3.0
8,4.6,9.0,0.86,1.0213,0.11,0.0,0.0,0.2,-0.8,1.0
4,3.0,7.0,0.87,1.0216,0.47,0.0,5.1,0.6,-3.2,3.2
1,2.4,6.0,0.89,1.0253,0.41,0.0,3.7,-0.1,-2.9,3.1
3,2.4,6.0,0.86,1.0264,0.49,0.0,6.3,0.3,-2.4,4.1
1,1.9,5.0,0.84,1.0282,0.6,0.0,7.2,-0.1,-3.9,5.2
3,5.2,11.0,0.73,1.0283,0.45,0.0,5.2,2.2,-2.5,5.5
6,6.8,13.0,0.88,1.0265,0.24,0.61,1.8,2.9,1.0,5.1
7,2.6,10.0,0.94,1.0326,0.19,0.0,0.7,2.8,1.0,4.0
0,2.2,6.0,0.89,1.0286,0.5,0.0,6.5,0.0,-2.9,3.7
0,3.5,9.0,0.7,1.0275,0.56,0.0,7.1,1.8,-2.7,6.8
0,2.3,9.0,0.79,1.0224,0.68,0.0,7.5,-1.9,-5.8,2.2
4,5.0,12.0,0.74,1.0167,0.51,0.07,6.1,2.4,-2.5,5.7
8,5.6,13.0,0.93,1.0053,0.06,0.86,0.0,4.8,3.7,5.7
8,2.4,8.0,0.96,1.0134,0.14,0.0,0.0,4.2,2.9,5.5
7,4.8,10.0,0.92,1.0219,0.25,0.01,0.9,5.3,1.8,7.9
6,6.6,15.0,0.9,1.0178,0.15,0.39,0.0,6.9,3.9,9.8
8,4.1,12.0,0.89,1.0239,0.21,0.18,1.2,4.7,2.6,6.8
8,3.3,7.0,0.86,1.0364,0.19,0.0,0.0,1.0,-1.3,2.7
0,4.5,8.0,0.68,1.0386,0.68,0.0,7.5,-2.8,-4.7,-0.4
2,3.5,7.0,0.65,1.0323,0.62,0.0,7.3,-2.3,-5.2,2.6
6,4.4,15.0,0.82,1.0211,0.26,0.1,2.3,-1.0,-5.9,2.5
5,7.0,16.0,0.74,1.0211,0.53,0.05,5.0,-2.6,-7.0,0.6
4,4.3,8.0,0.76,1.0235,0.42,0.0,3.0,-5.5,-7.4,-2.5
0,5.8,10.0,0.71,1.0249,0.66,0.0,7.4,-3.5,-8.0,0.6
0,5.0,9.0,0.66,1.0297,0.77,0.0,7.9,-2.9,-6.8,2.2
3,5.3,11.0,0.76,1.0303,0.79,0.0,7.9,-0.7,-6.4,3.1
5,3.9,9.0,0.91,1.0273,0.4,0.0,3.1,-0.6,-5.4,1.8
7,1.7,5.0,0.96,1.0236,0.72,0.0,5.2,-3.1,-7.0,3.7
8,1.5,4.0,0.96,1.0229,0.12,0.0,0.0,-3.8,-4.9,-2.8
8,1.5,3.0,0.96,1.0229,0.14,0.0,0.0,-3.2,-5.6,-1.0
8,1.7,5.0,0.99,1.0269,0.23,0.02,0.0,0.7,-1.0,2.3
8,2.6,8.0,0.99,1.0296,0.16,0.17,0.0,1.5,0.3,3.2
8,2.9,8.0,0.96,1.0276,0.15,0.06,0.0,2.9,1.5,4.5
8,5.4,13.0,0.88,1.0197,0.15,0.0,0.2,4.7,2.5,6.3
8,6.2,17.0,0.89,1.0063,0.21,1.12,0.6,4.0,1.6,5.5
7,4.6,18.0,0.88,1.0101,0.52,0.23,3.7,1.9,0.4,3.5
8,3.1,9.0,0.87,1.0201,0.16,0.05,0.0,1.9,0.7,3.1
8,1.3,4.0,0.91,1.028,0.28,0.0,0.0,1.2,0.0,3.2
7,3.7,8.0,0.85,1.0261,0.43,0.12,1.3,0.8,-1.6,3.7
6,4.2,8.0,0.8,1.0214,0.59,0.0,3.5,2.2,-0.6,4.2
7,5.8,12.0,0.86,1.0172,0.53,0.04,2.9,5.2,2.7,8.3
8,7.8,19.0,0.86,0.9997,0.19,0.83,0.2,6.9,4.3,9.7
8,5.3,15.0,0.88,0.9899,0.51,0.94,2.9,6.6,4.7,9.7
8,8.5,18.0,0.81,0.9912,0.44,0.21,1.2,5.8,3.9,7.9
7,4.1,11.0,0.9,0.9956,0.18,0.9,0.0,3.8,1.9,5.4
6,5.1,12.0,0.85,1.0006,0.69,0.25,3.3,5.7,3.4,9.3
4,5.9,11.0,0.94,1.0064,0.14,0.98,0.0,2.5,0.8,4.8
4,6.0,11.0,0.94,1.015,0.15,0.33,0.0,1.8,0.4,2.7
8,5.9,12.0,0.84,1.0241,0.25,0.0,0.0,1.5,0.1,2.6
8,3.9,8.0,0.74,1.0222,0.41,0.01,0.5,-0.2,-1.2,1.0
7,7.2,14.0,0.66,1.0182,0.94,0.0,5.7,1.3,-1.1,4.8
2,7.2,12.0,0.7,1.016,1.23,0.0,9.5,-0.4,-2.8,2.9
7,4.3,12.0,0.78,1.0204,0.71,0.0,3.2,-1.1,-3.4,2.0
7,3.6,8.0,0.88,1.0163,0.5,0.16,0.8,0.2,-4.6,3.7
8,4.9,11.0,0.96,1.0024,0.22,0.9,0.2,0.7,-0.9,2.6
7,5.9,12.0,0.83,1.0035,0.74,0.25,2.4,-0.6,-1.7,1.5
5,6.3,13.0,0.8,1.003,1.34,0.0,8.6,-0.6,-3.6,2.9
7,2.3,6.0,0.86,0.9979,0.56,0.0,1.8,-0.5,-2.7,1.5
7,3.0,7.0,0.85,0.9999,0.82,0.0,3.0,-0.4,-3.3,3.0
7,4.1,12.0,0.86,1.0073,0.94,0.2,5.7,0.2,-3.5,3.6
7,3.6,15.0,0.88,1.016,0.78,0.18,4.5,0.4,-2.1,3.7
7,3.6,7.0,0.77,1.0192,1.1,0.0,5.3,2.0,-1.6,5.3
8,6.2,12.0,0.91,1.0023,0.22,0.87,0.0,5.3,1.2,9.4
8,5.2,15.0,0.93,0.9982,0.18,0.49,0.2,8.1,6.8,9.3
8,6.3,15.0,0.85,1.0008,0.48,0.62,1.1,4.5,2.1,6.9
7,4.7,12.0,0.89,1.0126,0.23,0.2,0.5,0.3,-4.2,3.9
3,2.9,8.0,0.7,1.0316,1.41,0.0,9.0,-3.4,-6.4,-0.3
0,3.3,9.0,0.63,1.0319,1.74,0.0,10.7,-1.5,-5.7,2.4
5,3.0,8.0,0.64,1.0252,1.67,0.0,9.8,0.6,-5.0,5.8
5,4.3,9.0,0.68,1.0225,1.63,0.0,9.4,1.6,-2.4,6.6
7,4.6,10.0,0.74,1.0246,0.68,0.0,0.9,0.8,-1.5,3.3
7,5.0,10.0,0.77,1.0245,0.77,0.0,1.9,1.5,-1.2,4.9
2,5.9,13.0,0.76,1.0201,1.75,0.0,10.3,2.2,-1.5,7.9
4,4.1,8.0,0.9,1.0149,1.2,0.0,5.1,0.3,-2.9,5.0
7,3.8,10.0,0.84,1.0116,1.12,0.0,3.3,3.0,1.0,7.2
7,5.5,10.0,0.66,1.0101,0.83,0.0,1.4,2.2,-0.4,5.6
3,4.3,10.0,0.64,1.012,1.96,0.0,11.1,1.4,-4.0,6.6
0,5.0,11.0,0.54,1.0111,2.01,0.0,11.3,3.6,-2.8,9.6
8,4.2,10.0,0.79,0.9997,0.61,0.08,1.2,7.8,1.7,13.0
8,5.9,13.0,0.83,1.0062,0.93,0.59,2.3,11.7,9.7,15.2
8,6.9,13.0,0.85,1.0089,0.72,0.41,0.9,14.3,12.0,17.2
6,7.5,19.0,0.7,1.0039,1.19,0.09,5.0,14.4,10.5,18.3
5,7.7,15.0,0.72,1.0039,1.3,0.29,5.0,9.7,6.6,13.4
7,5.8,15.0,0.81,1.0088,0.58,0.41,1.3,8.4,6.2,10.5
8,7.6,17.0,0.84,1.0034,0.48,2.02,0.0,11.7,9.1,15.0
7,7.0,18.0,0.81,1.0085,0.78,0.65,2.1,11.5,9.4,14.4
5,6.3,15.0,0.74,1.01,0.93,1.02,4.1,10.6,6.1,14.3
5,7.7,19.0,0.7,1.0098,1.46,0.05,7.1,10.2,6.5,13.6
8,4.9,15.0,0.79,1.0167,1.26,0.45,3.7,7.7,4.9,11.4
5,3.5,9.0,0.72,1.0174,1.63,0.0,8.4,5.4,1.1,9.4
4,3.4,11.0,0.7,1.0148,1.5,0.0,7.0,3.3,-1.0,7.9
2,4.0,10.0,0.64,1.016,2.06,0.0,10.4,5.3,-2.0,10.7
4,4.7,10.0,0.64,1.0143,1.72,0.0,7.7,7.3,0.9,12.4
7,6.3,16.0,0.72,1.0095,1.21,0.05,4.4,7.2,3.7,12.3
6,4.2,10.0,0.66,1.0127,1.97,0.0,7.2,6.7,2.6,11.2
6,4.7,9.0,0.7,1.0179,1.44,0.0,4.4,5.7,2.8,10.3
6,4.6,12.0,0.7,1.0186,1.82,0.1,6.8,5.1,-1.4,9.3
7,4.4,12.0,0.75,1.0125,1.2,0.18,4.3,7.7,4.7,11.8
8,7.3,15.0,0.85,1.0103,0.41,0.31,0.2,9.2,6.1,13.2
8,4.0,12.0,0.82,1.0132,1.1,0.05,1.9,9.8,7.1,13.6
7,3.9,12.0,0.84,1.009,1.08,0.6,1.5,11.1,5.1,15.4
8,4.7,13.0,0.87,1.0092,0.57,0.93,0.4,11.0,9.0,14.5
6,3.8,8.0,0.78,1.013,0.98,0.06,3.0,9.8,5.4,14.0
6,4.9,12.0,0.72,1.0148,1.68,0.0,3.9,9.7,5.4,14.5
4,4.0,9.0,0.7,1.0154,1.98,0.0,7.9,9.9,4.6,15.3
5,2.7,8.0,0.65,1.0158,1.85,0.0,5.9,11.4,5.4,16.3
4,2.5,7.0,0.61,1.016,2.09,0.15,9.5,13.6,5.5,18.8
8,2.7,7.0,0.8,1.0188,1.05,0.0,0.4,8.7,7.7,10.6
6,1.9,6.0,0.64,1.017,2.17,0.0,8.1,11.0,7.2,16.3
6,3.1,8.0,0.65,1.0174,1.78,0.02,5.0,13.3,8.7,19.1
4,3.1,9.0,0.65,1.0169,2.43,0.0,10.6,16.1,9.5,22.3
7,2.7,6.0,0.82,1.0193,1.02,0.33,3.2,12.8,7.8,17.1
8,3.1,9.0,0.72,1.0218,1.47,0.0,1.8,11.8,7.4,16.4
5,4.7,13.0,0.69,1.021,2.52,0.0,9.1,8.8,4.5,15.0
7,3.6,13.0,0.71,1.0171,1.7,0.0,4.2,6.3,3.0,10.3
7,3.1,8.0,0.8,1.012,1.38,0.15,2.9,5.5,2.3,10.1
8,5.1,11.0,0.81,1.0089,1.03,0.15,0.6,8.3,2.4,11.6
5,4.0,9.0,0.69,1.013,2.09,0.03,7.1,14.3,8.3,20.0
4,2.7,7.0,0.6,1.0157,2.05,0.0,7.7,19.2,13.7,25.1
5,4.4,12.0,0.5,1.0169,2.49,0.0,10.9,19.7,13.1,24.5
5,2.3,8.0,0.66,1.0193,1.83,0.0,4.8,17.8,10.8,24.4
3,4.3,13.0,0.56,1.0194,2.56,0.0,10.2,17.4,10.1,23.3
5,6.0,16.0,0.44,1.0168,2.09,0.0,7.3,18.0,12.8,22.8
4,5.8,16.0,0.59,1.0135,2.19,0.0,6.6,16.2,11.9,23.2
4,2.9,15.0,0.69,1.0142,2.71,0.08,10.8,16.5,9.1,23.5
2,2.8,9.0,0.67,1.0167,2.47,0.0,8.9,16.1,9.1,23.2
1,1.8,7.0,0.51,1.0169,2.98,0.0,14.0,17.8,8.7,24.2
3,2.8,10.0,0.58,1.0147,2.75,0.04,12.4,18.1,9.9,24.6
7,4.6,10.0,0.8,1.0161,1.25,0.17,1.5,15.1,12.3,20.1
7,2.4,6.0,0.91,1.022,0.7,0.15,2.6,11.8,9.3,14.9
7,3.3,14.0,0.72,1.0161,2.07,0.0,2.9,16.0,7.6,22.1
7,3.7,11.0,0.75,1.0156,2.05,0.01,4.2,16.8,14.4,20.4
7,2.7,10.0,0.73,1.0173,1.98,0.01,4.0,16.5,12.2,20.7
7,5.3,16.0,0.78,1.0106,1.87,1.06,6.4,16.2,12.9,19.2
7,8.9,20.0,0.8,1.0079,1.21,0.27,4.2,12.7,10.1,17.0
8,9.1,19.0,0.81,0.9977,1.06,0.85,2.1,11.6,9.1,15.7
8,6.4,15.0,0.75,1.0035,1.33,1.12,3.0,13.8,11.0,17.6
7,8.5,23.0,0.75,1.0004,2.06,0.48,5.6,14.2,9.4,19.2
6,6.6,17.0,0.8,1.0157,1.62,0.43,5.0,10.2,7.3,14.0
6,7.4,17.0,0.74,1.0194,1.94,0.0,6.5,11.0,6.1,15.7
8,4.7,12.0,0.9,1.0177,0.69,1.03,1.0,10.9,8.7,14.2
8,5.0,14.0,0.95,1.0185,0.47,1.93,0.0,13.0,7.9,15.8
8,5.1,11.0,0.94,1.0198,0.41,1.12,0.0,14.1,13.0,15.7
7,3.8,10.0,0.75,1.0187,2.4,0.0,8.5,13.5,8.2,17.7
7,3.3,12.0,0.83,1.0124,1.38,0.96,3.4,9.9,6.4,13.9
6,3.8,14.0,0.81,1.0146,2.05,0.2,8.2,8.0,4.8,12.5
8,3.4,10.0,0.84,1.02,0.94,0.14,0.4,8.5,4.1,12.4
6,3.3,10.0,0.8,1.0247,1.05,0.06,1.9,8.5,4.2,11.7
6,1.8,5.0,0.79,1.0301,1.43,0.0,4.4,10.5,3.3,16.4
7,2.6,8.0,0.77,1.0277,1.95,0.0,2.7,14.0,8.4,19.1
6,3.2,9.0,0.69,1.0253,2.73,0.0,7.6,13.2,8.6,18.0
6,3.1,9.0,0.66,1.0242,2.13,0.0,6.2,12.5,8.1,17.5
2,2.7,6.0,0.69,1.0281,3.22,0.0,13.5,12.9,5.2,19.1
3,1.4,5.0,0.67,1.0274,2.71,0.0,10.6,14.9,7.2,20.2
0,1.8,7.0,0.61,1.0269,3.18,0.0,14.7,17.2,8.3,23.4
0,2.4,8.0,0.55,1.0243,3.16,0.0,14.1,19.6,10.1,26.0
0,3.9,11.0,0.5,1.0219,3.35,0.0,14.8,21.6,12.9,27.6
0,4.0,11.0,0.5,1.0234,3.43,0.0,15.2,22.6,13.2,29.2
0,2.8,7.0,0.46,1.0221,3.46,0.0,15.2,23.3,12.6,30.9
1,2.5,7.0,0.48,1.0192,3.33,0.0,14.6,25.6,17.9,31.4
6,3.2,8.0,0.76,1.0174,2.4,0.95,5.7,20.6,15.6,24.8
8,2.4,6.0,0.93,1.0185,0.6,0.0,0.0,14.5,12.4,16.2
5,2.2,7.0,0.72,1.0194,2.41,0.0,7.2,14.5,10.5,18.5
1,1.9,5.0,0.69,1.0195,3.19,0.0,12.2,17.0,8.4,23.6
3,2.6,19.0,0.66,1.0143,3.02,1.23,10.3,22.2,13.3,29.0
6,3.7,14.0,0.83,1.0125,1.72,1.39,5.0,20.8,16.6,25.7
5,2.8,9.0,0.75,1.0149,2.52,0.0,6.7,20.0,15.8,24.4
8,5.8,13.0,0.72,1.0126,1.22,0.12,0.8,17.4,12.5,20.5
5,5.8,13.0,0.7,1.0147,1.73,0.0,5.2,13.9,9.7,17.1
2,3.0,7.0,0.64,1.0186,2.75,0.0,11.1,15.8,8.5,21.1
4,2.3,6.0,0.58,1.0152,3.22,0.0,12.6,20.2,11.8,26.0
7,1.9,8.0,0.82,1.0108,1.44,0.09,1.7,19.4,15.2,25.0
7,5.4,14.0,0.8,1.014,1.63,0.0,4.6,18.0,13.9,22.6
8,2.0,5.0,0.84,1.02,0.97,0.01,0.5,14.8,12.5,18.2
3,2.6,6.0,0.72,1.0207,2.69,0.0,8.9,16.5,11.2,21.4
1,3.0,8.0,0.7,1.0215,3.17,0.0,12.9,18.1,10.4,24.0
1,2.3,6.0,0.67,1.0233,2.98,0.0,11.9,21.4,13.2,27.6
1,3.0,8.0,0.57,1.0231,3.31,0.0,13.9,23.2,15.2,29.1
0,4.2,14.0,0.5,1.0201,3.4,0.0,15.2,23.3,15.1,28.8
1,4.5,13.0,0.5,1.0164,3.42,0.0,15.2,23.7,16.7,29.2
2,1.8,6.0,0.54,1.0148,3.19,0.0,13.1,25.6,16.0,32.5
6,3.1,13.0,0.67,1.0148,2.36,0.61,7.8,23.9,19.1,29.2
6,3.0,11.0,0.78,1.0168,2.46,0.8,7.3,21.3,18.3,27.9
7,3.3,8.0,0.83,1.0176,1.71,0.02,2.2,19.8,17.8,23.9
5,3.3,11.0,0.71,1.0184,2.76,0.08,9.7,19.6,15.0,24.2
7,5.3,16.0,0.68,1.0162,1.96,0.0,4.7,21.3,16.5,25.7
3,3.1,9.0,0.7,1.0232,2.96,0.0,10.4,20.5,15.0,26.3
5,3.2,8.0,0.72,1.0229,1.98,0.1,6.9,21.7,17.2,26.3
1,2.8,8.0,0.7,1.024,3.06,0.0,13.4,21.0,14.0,26.3
2,4.0,11.0,0.62,1.0227,2.86,0.0,10.5,22.1,15.8,27.8
2,6.4,12.0,0.6,1.0282,3.1,0.0,11.6,19.0,14.9,24.0
0,4.7,11.0,0.55,1.0284,3.34,0.0,14.7,19.8,10.9,26.6
0,4.2,12.0,0.48,1.0263,3.31,0.0,15.0,22.9,13.9,29.8
0,2.8,8.0,0.47,1.0238,3.28,0.0,15.0,23.6,13.6,30.8
0,2.6,9.0,0.41,1.0206,3.25,0.0,14.8,26.1,15.9,33.7
1,2.1,9.0,0.37,1.0173,3.13,0.0,14.3,28.8,18.6,36.3
2,3.0,10.0,0.58,1.0178,2.58,0.0,9.4,25.5,20.2,30.6
0,2.7,8.0,0.57,1.0199,3.03,0.0,13.3,26.0,18.1,33.1
4,2.7,12.0,0.7,1.0166,1.97,0.3,7.7,23.4,18.9,28.4
3,2.9,10.0,0.72,1.0189,2.79,0.0,10.8,22.9,17.2,28.6
4,2.4,7.0,0.63,1.0202,2.66,0.0,9.7,24.1,17.5,30.2
1,4.0,11.0,0.55,1.0173,2.57,0.0,9.4,26.4,18.3,32.7
2,2.8,9.0,0.53,1.0152,2.77,0.0,11.7,27.6,20.8,34.5
6,2.2,8.0,0.66,1.0158,1.19,0.0,2.4,23.6,20.2,26.9
6,2.0,10.0,0.8,1.012,1.18,0.26,0.9,21.7,16.3,28.2
4,2.3,6.0,0.74,1.0109,2.23,0.0,7.8,21.3,15.9,28.1
6,4.0,13.0,0.72,1.0122,1.63,0.7,2.8,21.3,15.4,29.5
5,3.5,8.0,0.71,1.0135,1.8,0.0,5.9,19.3,14.4,24.5
7,6.0,16.0,0.74,1.0073,1.25,0.26,3.5,18.2,15.7,21.6
8,5.9,17.0,0.79,1.0066,1.53,0.67,2.5,16.0,13.1,20.8
8,2.3,8.0,0.89,1.0068,1.15,0.67,1.2,15.3,12.8,20.0
7,3.7,15.0,0.89,1.0119,1.28,1.92,3.9,17.4,15.0,22.9
5,3.8,9.0,0.82,1.0175,2.0,0.03,6.2,19.2,16.2,24.6
5,3.0,10.0,0.79,1.0192,1.65,0.0,5.1,18.9,15.4,24.4
7,2.5,11.0,0.86,1.0185,1.94,0.16,4.2,18.3,13.0,24.1
7,3.6,10.0,0.75,1.0188,1.54,0.0,3.4,16.6,12.0,20.2
7,2.8,8.0,0.88,1.0155,0.91,0.45,1.1,14.8,11.2,19.6
7,3.3,10.0,0.83,1.0134,1.29,0.09,2.5,13.5,9.5,17.7
7,2.9,8.0,0.87,1.0106,1.46,1.14,4.2,13.3,11.0,18.4
8,2.2,6.0,0.83,1.0072,1.49,0.05,1.8,13.6,10.5,19.2
3,2.0,8.0,0.77,1.0059,2.1,0.0,7.5,15.0,9.2,20.8
7,5.0,15.0,0.95,1.0065,0.62,3.0,0.0,13.4,9.9,17.2
7,3.7,9.0,0.91,1.0089,0.8,1.96,0.8,15.5,13.7,20.5
7,2.5,8.0,0.81,1.0053,1.67,0.1,3.2,17.5,12.9,23.5
7,2.9,9.0,0.77,1.0038,1.6,0.12,3.4,19.3,14.8,24.3
7,5.1,15.0,0.76,1.0071,1.6,0.56,4.8,18.4,15.9,23.0
5,4.2,11.0,0.77,1.0131,1.91,0.21,6.8,18.3,14.8,24.4
7,6.3,14.0,0.86,1.0166,1.1,1.06,2.6,16.5,14.9,19.8
8,4.9,12.0,0.88,1.0169,0.84,1.56,1.2,15.4,13.1,18.8
6,2.4,9.0,0.87,1.0179,1.31,0.43,3.7,15.4,11.2,19.2
6,2.4,6.0,0.82,1.015,1.36,0.0,3.1,16.3,10.5,21.6
6,4.1,13.0,0.81,1.0073,1.43,0.24,4.3,16.2,12.1,21.1
7,2.6,8.0,0.93,1.0083,1.1,0.25,1.9,15.4,12.3,19.2
7,2.0,8.0,0.86,1.0096,1.17,0.0,2.0,15.6,11.1,20.6
7,3.0,16.0,0.87,1.0125,1.35,1.6,4.7,16.2,12.9,20.5
7,5.0,14.0,0.92,1.0076,0.57,1.0,0.6,13.5,10.6,16.6
7,4.2,11.0,0.86,1.0086,1.56,0.36,5.9,12.5,9.8,16.4
7,4.0,12.0,0.82,1.0183,1.76,0.24,9.0,13.7,9.8,18.2
8,5.1,11.0,0.82,1.0229,0.98,0.0,1.1,15.1,10.1,17.9
6,4.4,10.0,0.73,1.0164,1.61,0.0,4.7,19.0,14.5,23.4
7,5.4,15.0,0.74,1.0122,1.46,0.0,2.2,18.4,14.3,21.7
8,8.5,17.0,0.84,1.0127,0.38,0.34,0.1,20.2,17.5,23.2
7,4.3,12.0,0.8,1.0231,1.42,0.0,2.2,18.7,14.0,22.0
6,2.9,8.0,0.85,1.0243,1.5,0.0,4.4,18.4,13.7,23.9
0,1.8,5.0,0.81,1.0177,2.12,0.0,11.9,20.1,14.0,26.7
4,3.4,11.0,0.86,1.0183,0.67,0.0,3.0,15.9,11.0,19.4
2,2.5,7.0,0.78,1.029,1.93,0.0,9.5,13.5,8.0,19.1
0,4.4,10.0,0.71,1.026,2.22,0.0,11.8,15.0,8.2,21.3
1,2.6,8.0,0.71,1.0216,2.05,0.0,11.4,17.7,10.8,23.9
1,1.7,5.0,0.75,1.0194,1.95,0.0,10.8,20.3,14.1,27.3
0,2.8,8.0,0.67,1.0163,2.0,0.0,10.7,22.5,15.3,29.0
1,3.4,8.0,0.66,1.0123,1.86,0.0,9.3,22.8,18.4,28.6
6,2.4,8.0,0.71,1.0073,1.37,0.0,3.9,21.4,16.8,27.0
5,4.0,12.0,0.68,1.0049,1.55,0.0,4.7,20.6,16.0,26.2
3,1.6,6.0,0.78,1.0079,1.62,0.0,6.5,20.2,14.5,26.4
7,2.5,7.0,0.88,1.011,0.45,0.0,0.0,17.9,16.1,20.0
7,2.7,6.0,0.93,1.0132,0.4,1.03,0.7,16.1,13.0,18.4
5,4.0,12.0,0.84,1.015,1.01,0.03,5.0,14.5,10.3,19.1
0,3.6,8.0,0.76,1.017,1.87,0.0,11.4,14.7,8.9,21.0
0,3.7,8.0,0.7,1.0117,1.87,0.0,11.4,19.6,11.1,26.3
4,4.0,12.0,0.63,1.011,1.32,0.0,5.8,21.0,17.1,26.2
6,2.4,6.0,0.75,1.0109,1.15,0.0,4.3,20.1,15.7,24.1
8,2.3,7.0,0.75,1.0084,0.83,0.0,1.1,20.5,16.6,24.2
8,4.0,12.0,0.85,1.0092,0.71,0.09,0.7,17.2,15.0,20.9
7,3.5,7.0,0.88,1.0164,0.72,0.0,1.6,15.9,12.2,19.6
5,2.3,5.0,0.87,1.0162,1.14,0.0,4.6,14.5,10.9,20.0
7,3.8,9.0,0.77,1.0115,1.24,0.0,5.1,16.8,13.0,22.5
6,4.1,10.0,0.77,1.0095,1.1,0.02,3.3,17.8,14.1,22.6
5,4.1,10.0,0.76,1.0105,1.28,0.31,6.9,17.3,14.4,22.0
6,6.7,15.0,0.8,1.0092,0.73,0.02,3.4,16.8,14.7,19.3
8,8.6,17.0,0.76,1.0068,0.57,0.0,0.0,15.8,13.3,17.8
8,3.7,9.0,0.83,1.0022,0.39,0.0,0.3,13.8,11.2,16.2
7,4.3,10.0,0.88,1.0113,0.55,0.77,1.0,11.8,9.0,15.7
6,6.5,15.0,0.83,1.0163,0.96,0.43,4.5,12.9,8.6,17.3
8,9.0,18.0,0.86,1.0093,0.54,1.04,0.2,15.2,12.9,17.5
4,5.0,12.0,0.81,1.015,1.04,0.05,5.3,12.5,7.6,16.2
0,3.1,7.0,0.78,1.0211,1.33,0.0,9.3,11.7,7.9,17.9
5,3.5,8.0,0.81,1.0191,1.19,0.02,7.3,14.4,8.0,19.9
4,2.1,5.0,0.89,1.0196,0.94,0.44,4.9,15.9,12.3,20.7
3,2.5,6.0,0.8,1.0129,1.04,0.0,5.5,16.2,9.5,22.8
6,3.0,7.0,0.9,1.0214,0.54,0.03,1.2,15.4,12.6,18.0
6,2.4,6.0,0.91,1.03,0.85,0.0,3.7,13.6,10.3,17.5
4,4.1,10.0,0.85,1.0284,0.95,0.0,5.9,13.3,9.4,16.4
0,4.7,12.0,0.86,1.0268,1.15,0.0,8.2,11.2,7.2,16.1
0,3.5,9.0,0.79,1.0217,1.27,0.0,9.7,11.2,4.9,18.7
2,3.2,7.0,0.72,1.0141,1.21,0.0,9.4,12.6,5.5,20.2
8,3.1,9.0,0.76,1.0066,0.64,0.0,1.2,14.8,11.6,18.1
8,4.6,11.0,0.76,0.9987,0.53,0.0,2.0,15.3,12.9,19.1
7,5.6,14.0,0.84,0.9974,0.54,0.32,1.8,14.7,12.7,18.3
7,6.4,13.0,0.82,1.0016,0.81,0.0,4.2,15.2,13.9,17.3
5,6.2,14.0,0.79,1.0013,0.72,0.2,3.5,15.3,11.5,18.8
8,6.5,15.0,0.87,0.9949,0.3,0.78,0.5,16.5,15.1,17.7
7,8.1,20.0,0.84,0.9981,0.19,0.37,0.1,13.2,10.2,16.0
7,3.8,10.0,0.76,1.0087,0.78,0.02,3.7,13.6,9.1,17.0
4,7.0,13.0,0.69,1.0068,0.88,0.0,7.4,18.9,16.5,23.1
7,3.3,9.0,0.79,1.0218,0.61,0.0,3.1,14.1,11.7,16.5
8,5.3,13.0,0.85,1.023,0.26,0.06,0.5,14.6,10.2,16.6
5,3.5,11.0,0.85,1.0218,0.83,0.05,6.2,13.6,7.1,17.1
4,3.4,8.0,0.85,1.0203,0.74,0.0,4.4,10.5,6.5,15.9
6,6.5,13.0,0.83,1.0084,0.22,0.09,1.0,10.9,8.4,13.7
4,3.8,18.0,0.78,1.021,0.72,0.14,6.3,6.0,2.1,10.4
5,3.1,7.0,0.92,1.0298,0.45,0.03,1.6,3.4,-0.8,8.0
7,2.5,6.0,0.92,1.0311,0.44,0.0,1.2,5.3,1.1,8.3
6,3.3,9.0,0.87,1.0324,0.6,0.0,3.4,7.6,4.5,10.9
8,4.8,10.0,0.87,1.0295,0.24,0.0,0.0,9.0,6.8,10.6
8,4.0,9.0,0.87,1.0282,0.25,0.0,0.0,9.0,8.2,10.1
3,2.6,8.0,0.82,1.0225,0.76,0.0,7.8,7.0,2.9,12.3
6,7.0,14.0,0.88,1.0209,0.33,0.18,1.2,8.2,2.6,11.5
3,3.3,10.0,0.86,1.0286,0.58,0.32,6.3,8.7,2.9,12.0
5,3.2,7.0,0.85,1.0327,0.59,0.0,4.8,5.2,1.8,9.9
8,6.8,13.0,0.83,1.0167,0.15,0.88,0.9,8.5,5.1,10.9
6,4.1,12.0,0.87,1.017,0.22,0.41,0.6,7.0,4.8,9.6
8,7.5,16.0,0.91,1.0098,0.05,0.34,0.0,10.6,7.3,13.1
8,6.8,13.0,0.89,1.0107,0.07,0.56,0.0,12.7,11.7,13.7
5,5.7,13.0,0.82,1.0102,0.44,0.11,2.6,13.2,11.6,16.2
5,7.8,17.0,0.69,1.0031,0.48,0.32,3.0,15.6,12.5,18.8
4,6.1,13.0,0.82,1.0072,0.45,0.34,4.0,11.4,9.2,14.0
6,4.3,13.0,0.84,1.0155,0.35,0.12,1.8,8.1,5.2,11.0
6,3.4,11.0,0.93,1.0181,0.1,1.1,0.0,6.2,3.8,8.1
7,8.9,18.0,0.86,1.01,0.14,0.38,0.0,7.5,4.3,9.4
6,5.5,13.0,0.87,0.9979,0.38,0.12,3.3,7.9,3.8,10.5
7,7.0,14.0,0.85,0.999,0.45,0.62,4.0,6.3,3.6,8.8
7,7.8,16.0,0.9,0.9919,0.18,0.62,0.0,10.2,7.1,14.3
6,6.1,13.0,0.83,0.9992,0.18,0.05,0.5,11.3,8.2,15.7
8,9.0,24.0,0.67,1.0015,0.16,0.0,0.0,15.5,11.9,18.9
5,4.7,11.0,0.77,1.0182,0.4,0.0,3.4,11.2,8.5,13.7
6,4.4,10.0,0.81,1.0195,0.27,0.03,1.3,12.2,7.2,15.8
4,4.3,11.0,0.79,1.018,0.5,0.12,7.0,12.7,10.6,15.8
2,4.0,8.0,0.9,1.0307,0.38,0.0,3.6,8.0,3.7,11.5
1,2.2,5.0,0.91,1.0328,0.55,0.0,7.2,4.6,-0.4,8.5
5,6.4,14.0,0.77,1.0235,0.4,0.0,3.6,8.8,3.4,11.2
8,6.9,14.0,0.74,1.0154,0.21,0.1,0.0,10.6,9.0,12.0
7,8.7,20.0,0.81,1.0046,0.24,0.34,1.0,9.9,8.0,12.5
8,8.8,16.0,0.85,1.0022,0.14,0.7,0.2,10.1,8.2,13.3
8,10.2,20.0,0.79,1.0003,0.27,0.77,1.0,13.3,10.6,15.5
6,8.5,15.0,0.8,1.0055,0.27,0.0,0.9,9.2,6.9,10.7
6,11.1,21.0,0.81,0.9999,0.08,0.44,0.0,8.6,6.1,10.6
8,9.8,28.0,0.82,0.9914,0.16,0.84,0.5,9.3,6.7,12.6
6,3.8,9.0,0.91,1.0107,0.22,0.0,1.2,6.0,4.0,7.5
2,5.5,16.0,0.89,1.0275,0.41,0.0,5.5,4.0,2.0,7.0
8,10.1,19.0,0.86,1.0196,0.05,0.95,0.0,6.2,4.1,7.5
4,6.5,16.0,0.86,1.022,0.46,0.38,6.6,7.0,4.7,9.2
7,8.5,14.0,0.86,1.0255,0.09,0.1,0.0,8.6,6.6,9.6
7,8.0,14.0,0.83,1.0273,0.22,0.0,1.9,8.0,5.4,10.3
0,6.7,12.0,0.62,1.0247,0.47,0.0,6.4,7.6,4.9,11.8
7,5.5,14.0,0.86,1.0212,0.04,0.61,0.0,6.4,2.8,8.5
7,4.6,9.0,0.94,1.0265,0.16,0.41,0.5,4.0,1.6,6.3
8,2.5,5.0,0.98,1.0302,0.18,0.0,0.2,2.9,1.3,3.9
8,1.7,4.0,0.98,1.0364,0.21,0.0,1.5,2.3,1.3,3.9
8,1.9,5.0,0.98,1.0388,0.13,0.0,0.0,2.2,1.0,3.3
8,1.8,5.0,0.98,1.0413,0.08,0.02,0.0,4.8,3.2,5.9
2,3.2,7.0,0.92,1.0421,0.43,0.0,6.5,3.0,-0.3,5.8
8,4.6,9.0,0.93,1.0406,0.09,0.0,0.0,2.8,1.4,3.6
8,4.3,7.0,1.0,1.0381,0.11,0.0,0.0,0.7,0.2,1.6
8,4.0,8.0,1.0,1.0366,0.12,0.0,0.0,0.8,-0.3,1.5
8,2.4,7.0,0.98,1.0348,0.14,0.0,0.0,0.4,-0.4,1.5
8,3.6,8.0,0.89,1.0322,0.03,0.0,0.0,0.0,-0.7,0.7
8,5.5,10.0,0.95,1.0276,0.12,0.27,0.0,2.3,0.6,3.7
5,5.1,12.0,0.72,1.0237,0.39,0.01,5.5,5.6,1.8,8.6
8,11.0,25.0,0.75,1.0165,0.05,0.31,0.0,8.8,7.0,11.9
7,10.0,20.0,0.79,1.0214,0.2,0.03,0.2,10.0,8.7,12.5
6,7.0,20.0,0.8,1.0144,0.17,0.74,1.7,7.2,3.6,12.7
8,4.7,12.0,0.9,1.0206,0.17,0.35,0.7,5.1,3.7,6.3
8,7.3,18.0,0.87,1.0256,0.16,0.0,0.0,6.5,4.4,7.9
8,7.3,16.0,0.86,1.0118,0.15,0.4,0.2,8.3,7.1,9.8
8,6.8,14.0,0.89,1.019,0.09,0.14,0.0,8.4,7.0,9.6
8,5.4,18.0,0.9,1.0158,0.07,0.8,0.0,9.9,8.1,11.2
7,7.7,15.0,0.82,1.0158,0.36,0.01,3.3,8.0,6.7,9.8
8,8.7,16.0,0.85,1.0047,0.19,0.26,0.7,9.5,7.9,11.0
8,9.4,20.0,0.76,1.0111,0.14,0.03,0.2,12.9,11.0,13.8
7,9.4,19.0,0.76,1.0145,0.27,0.24,0.7,10.6,5.5,13.5
7,10.6,24.0,0.8,1.0135,0.04,1.08,0.0,7.6,5.0,10.4
7,8.1,16.0,0.83,1.0219,0.22,0.03,0.3,9.0,5.8,11.6
8,7.9,16.0,0.87,1.0211,0.11,0.03,0.0,10.5,9.7,11.6
2,5.3,17.0,0.79,1.0287,0.54,0.12,6.7,6.9,3.5,11.1
3,5.1,10.0,0.79,1.0266,0.56,0.0,7.1,4.8,2.6,8.5
7,7.0,13.0,0.85,1.0199,0.35,0.02,1.6,7.3,5.4,9.5
8,8.5,21.0,0.84,1.012,0.27,0.32,1.8,10.0,8.3,12.1
8,11.9,28.0,0.81,0.9975,0.06,1.53,0.0,11.8,8.6,14.5
7,5.9,16.0,0.82,1.0141,0.38,1.15,3.4,10.6,8.0,12.5
6,9.2,23.0,0.83,1.0132,0.15,0.27,0.2,10.5,6.3,13.4
6,8.9,21.0,0.76,1.0118,0.32,0.26,1.4,6.4,4.4,8.5
6,5.2,13.0,0.84,1.0173,0.21,0.04,0.1,2.4,-3.0,5.0
5,4.9,9.0,0.69,1.0153,0.44,0.0,3.9,-3.1,-6.2,-0.7
7,2.2,9.0,0.9,1.0111,0.24,0.0,0.2,-2.8,-5.0,-1.1
6,3.9,9.0,0.8,1.024,0.46,0.0,2.9,-2.6,-5.9,0.4
8,5.2,12.0,0.85,1.0225,0.26,0.1,0.6,-0.8,-5.9,2.5
8,2.7,8.0,0.92,1.0282,0.32,0.07,0.9,3.4,1.8,5.7
8,6.0,13.0,0.89,1.026,0.14,0.25,0.1,4.9,3.8,5.9
8,2.7,7.0,0.96,1.0248,0.17,0.09,0.0,7.1,5.9,8.3
8,1.8,5.0,0.95,1.0256,0.21,0.02,0.1,7.1,6.3,8.5
7,5.3,13.0,0.86,1.0226,0.57,0.02,5.3,6.5,5.1,8.5
8,2.3,7.0,0.99,1.0282,0.1,0.08,0.0,7.9,5.3,9.0
8,3.2,8.0,0.93,1.0321,0.12,0.0,0.0,7.8,5.9,8.9
2,1.9,5.0,0.9,1.0368,0.72,0.0,6.1,4.4,-0.5,9.4
3,2.3,8.0,0.92,1.0302,0.57,0.0,3.8,2.9,-2.2,8.1
6,3.2,8.0,0.95,1.0153,0.12,0.11,0.0,2.3,0.4,3.4
7,2.0,5.0,0.92,1.006,0.54,0.5,2.0,2.0,-0.7,5.4
8,1.3,4.0,0.97,1.0016,0.28,0.03,0.2,-0.8,-2.5,0.9
8,6.8,17.0,0.89,0.9931,0.24,0.59,0.8,2.0,-4.0,7.5
7,4.8,14.0,0.8,1.0033,0.63,0.03,4.6,4.1,2.6,6.7
8,4.4,11.0,0.9,1.003,0.24,0.18,0.0,5.9,1.9,8.4
8,7.6,15.0,0.83,0.9976,0.31,0.43,1.1,8.4,7.2,10.5
8,8.3,20.0,0.83,0.9922,0.49,0.67,2.5,8.3,6.2,11.6
8,5.6,14.0,0.82,1.0062,0.21,0.23,0.0,7.4,6.0,8.8
8,3.9,10.0,0.88,1.0041,0.15,0.87,0.0,6.5,5.8,7.2
3,3.1,7.0,0.79,1.0216,1.02,0.0,8.1,6.7,3.3,11.0
6,3.5,11.0,0.6,1.0172,0.77,0.0,4.0,7.6,-0.5,17.1
4,4.4,10.0,0.61,1.0127,0.74,0.0,5.5,7.8,2.0,13.2
7,2.4,6.0,0.87,1.0161,0.48,0.0,1.0,5.3,3.2,7.7
7,2.5,9.0,0.87,1.0137,0.38,0.0,1.5,5.7,4.2,7.7
5,2.9,9.0,0.76,1.0104,0.95,0.0,6.3,8.5,3.5,14.9
6,5.0,13.0,0.83,1.0102,0.41,0.26,2.2,8.0,4.8,12.5
6,4.8,9.0,0.77,1.0105,0.9,0.0,5.2,8.0,3.9,12.4
6,5.0,12.0,0.78,1.0064,0.64,0.21,2.4,9.9,7.3,14.2
8,7.2,18.0,0.82,0.9988,0.57,0.51,2.2,9.4,7.1,12.5
8,6.2,16.0,0.88,0.9965,0.43,1.33,0.9,7.6,6.0,9.4
8,3.8,11.0,0.91,1.0093,0.2,0.3,0.0,6.7,4.9,7.7
8,5.8,17.0,0.91,1.0108,0.28,0.63,0.2,6.7,3.8,11.3
8,9.3,21.0,0.77,0.998,0.48,0.9,2.4,9.6,7.1,11.8
7,8.1,20.0,0.75,0.9931,0.99,0.86,6.1,8.7,6.2,10.9
6,4.5,14.0,0.71,1.0053,1.12,0.24,6.9,6.9,4.9,10.0
7,6.8,22.0,0.87,1.0047,0.2,1.25,1.6,6.4,3.8,9.6
6,4.4,10.0,0.7,1.0153,1.21,0.0,7.0,9.5,3.7,14.0
5,7.1,17.0,0.69,1.0142,1.06,0.41,6.8,9.5,6.5,12.6
8,10.3,21.0,0.76,1.0074,0.53,0.34,0.3,9.1,7.5,11.9
6,5.5,14.0,0.8,1.0034,0.83,0.09,4.0,8.3,4.2,11.6
4,3.0,7.0,0.78,1.0213,1.15,0.0,6.6,7.7,3.8,12.8
6,5.1,16.0,0.88,1.0269,0.39,0.8,0.0,6.1,1.7,9.5
4,3.8,10.0,0.77,1.0366,1.49,0.0,9.7,7.1,1.2,11.5
1,3.0,7.0,0.74,1.0335,1.58,0.0,9.7,8.7,3.5,14.9
0,3.3,7.0,0.64,1.0262,1.71,0.0,10.5,9.8,2.2,16.7
2,3.6,7.0,0.72,1.0284,1.39,0.0,8.4,9.1,3.4,15.1
1,2.0,7.0,0.71,1.0349,1.73,0.0,10.7,7.2,1.9,12.4
0,1.5,7.0,0.67,1.0293,1.73,0.0,10.7,7.9,1.0,14.7
6,4.1,10.0,0.82,1.0262,0.97,0.0,2.8,7.2,1.5,12.7
8,6.1,18.0,0.84,1.02,0.18,0.02,0.0,9.0,7.1,11.0
7,8.4,19.0,0.78,1.0017,0.43,0.53,2.1,6.5,1.4,9.2
6,3.5,11.0,0.85,0.9942,0.89,0.34,3.3,2.4,0.2,6.4
6,3.9,13.0,0.84,1.0034,1.21,0.02,4.7,3.3,-1.5,8.3
7,4.0,13.0,0.81,1.0103,0.95,0.01,3.2,3.8,0.9,7.5
8,4.8,12.0,0.78,1.0115,0.18,0.33,0.0,4.8,2.4,7.0
8,5.4,13.0,0.84,1.0103,0.25,0.1,0.0,4.1,3.0,5.3
7,4.5,10.0,0.88,1.0121,0.31,0.03,1.9,6.5,3.9,9.7
3,5.3,13.0,0.68,1.0183,1.78,0.0,9.9,8.7,4.8,12.5
0,5.7,13.0,0.6,1.0191,2.03,0.0,11.3,10.9,4.4,17.0
0,5.5,13.0,0.54,1.017,1.97,0.0,10.8,10.9,6.0,16.2
1,2.5,7.0,0.58,1.0146,1.92,0.0,10.1,11.1,5.8,17.6
4,3.6,9.0,0.78,1.0117,1.35,0.1,4.8,9.8,5.2,14.7
7,2.2,6.0,0.85,1.0116,0.75,0.21,1.2,8.5,4.2,13.3
7,5.3,12.0,0.69,1.0174,1.37,0.0,3.7,11.0,5.9,15.2
1,5.2,11.0,0.54,1.0251,2.06,0.0,10.5,11.4,4.6,17.5
2,4.3,10.0,0.54,1.0248,2.0,0.0,9.3,11.8,4.9,18.2
6,5.4,12.0,0.74,1.0193,0.79,0.0,1.0,6.6,3.4,9.2
0,6.2,14.0,0.61,1.0207,2.38,0.0,12.2,6.3,1.3,11.6
1,1.7,6.0,0.72,1.0224,2.09,0.0,9.6,8.0,0.2,14.2
1,2.8,8.0,0.72,1.0224,2.13,0.0,10.1,11.2,2.9,18.5
6,3.9,9.0,0.7,1.0254,1.2,0.0,3.6,8.5,4.4,11.2
1,1.4,5.0,0.67,1.0246,2.32,0.0,12.0,9.6,1.7,16.1
2,3.6,9.0,0.66,1.0195,1.89,0.0,7.9,10.5,4.9,16.5
6,3.2,7.0,0.72,1.0226,1.13,0.0,2.3,11.4,5.4,16.3
4,2.4,7.0,0.72,1.0244,1.54,0.0,4.8,11.6,6.3,16.8
1,4.1,9.0,0.7,1.0208,2.33,0.0,11.8,14.4,7.3,22.2
3,3.8,11.0,0.65,1.0187,2.08,0.0,8.1,17.0,9.7,24.1
0,3.9,9.0,0.57,1.0199,2.39,0.0,12.2,19.1,10.2,26.1
0,3.0,8.0,0.43,1.0209,2.56,0.0,12.8,20.5,11.3,27.1
0,2.5,9.0,0.46,1.0203,2.56,0.0,12.8,19.2,9.4,26.6
3,3.8,9.0,0.7,1.0221,1.73,0.0,5.1,11.9,6.6,17.3
3,1.8,6.0,0.67,1.0243,1.79,0.0,5.4,8.7,3.2,14.4
1,3.3,8.0,0.63,1.0201,2.59,0.0,11.7,10.7,2.8,17.6
2,3.3,8.0,0.65,1.0224,2.6,0.0,10.9,8.8,3.8,13.9
1,3.2,8.0,0.58,1.0223,2.69,0.0,12.3,8.8,0.4,15.2
0,1.9,7.0,0.52,1.0211,2.67,0.0,12.9,14.0,4.1,22.1
4,3.0,10.0,0.54,1.0204,2.22,0.0,7.5,17.2,6.7,24.1
5,2.5,6.0,0.57,1.0181,2.23,0.0,8.2,18.7,11.1,24.1
3,3.0,7.0,0.52,1.0144,2.02,0.0,7.7,20.9,14.1,27.9
0,2.8,11.0,0.55,1.0168,2.59,0.0,12.7,19.7,11.2,26.3
0,3.0,8.0,0.5,1.0193,2.74,0.0,12.6,19.1,9.2,26.8
0,2.9,9.0,0.51,1.0196,2.7,0.0,12.3,19.9,10.4,27.0
1,5.2,11.0,0.59,1.0168,2.75,0.0,13.1,16.9,11.4,23.3
0,5.8,12.0,0.42,1.0146,3.01,0.0,13.6,14.7,8.0,21.8
0,5.7,12.0,0.43,1.0145,2.99,0.0,13.6,15.3,7.5,22.3
0,5.5,13.0,0.38,1.0137,3.05,0.0,13.6,14.4,7.8,21.4
0,4.0,10.0,0.49,1.0124,2.91,0.0,12.9,14.9,5.9,21.8
5,4.6,12.0,0.52,1.0095,1.92,0.0,5.3,16.1,7.3,23.2
3,4.5,11.0,0.63,1.0137,2.54,0.0,9.6,14.9,9.1,22.3
5,3.9,11.0,0.74,1.0172,2.21,0.0,5.1,13.2,5.6,19.5
8,7.8,18.0,0.89,1.011,0.36,0.89,0.0,13.8,11.7,15.7
7,7.0,18.0,0.78,1.0115,1.28,0.11,2.9,13.1,11.5,15.6
8,4.0,12.0,0.93,1.014,0.48,0.69,0.0,11.7,9.9,14.1
7,6.8,15.0,0.77,1.008,1.0,0.05,2.8,15.6,13.2,19.3
8,8.5,23.0,0.7,1.0046,1.34,0.18,3.9,13.6,10.4,17.4
7,6.8,18.0,0.77,1.0079,1.5,0.63,3.6,14.1,10.8,17.6
6,4.5,14.0,0.74,1.0054,1.36,0.87,2.4,15.9,11.9,23.4
7,6.8,18.0,0.72,1.0063,1.56,0.11,3.3,14.4,11.8,18.3
6,3.9,11.0,0.75,1.0149,2.27,0.19,6.4,11.8,8.7,16.6
7,4.5,14.0,0.83,1.0106,1.23,1.11,3.2,11.6,8.5,15.9
6,2.0,6.0,0.9,1.0125,0.94,0.39,2.4,10.6,7.0,13.9
5,5.3,11.0,0.8,1.0152,2.29,0.09,7.3,16.0,6.9,22.6
5,3.7,9.0,0.73,1.0141,2.79,0.81,10.3,15.4,11.9,19.2
8,3.2,8.0,0.8,1.0139,1.35,0.04,1.4,15.7,11.0,19.6
6,2.7,6.0,0.89,1.0148,1.71,0.0,4.6,17.3,14.0,22.6
5,2.8,8.0,0.86,1.0191,1.8,0.0,3.6,17.8,14.1,23.5
2,3.2,8.0,0.64,1.0213,3.18,0.0,13.0,17.6,13.9,22.0
2,3.0,7.0,0.67,1.0146,2.98,0.0,12.3,20.1,12.1,25.9
3,2.0,15.0,0.75,1.0067,2.37,0.81,7.9,19.7,14.6,25.0
8,3.3,10.0,0.93,1.0023,0.72,0.08,0.1,15.6,13.7,18.0
7,4.1,10.0,0.82,0.9972,1.14,0.18,2.8,14.3,11.5,17.6
8,2.0,6.0,0.82,0.9996,0.9,0.22,0.0,12.1,11.0,13.7
6,4.0,13.0,0.77,1.0073,1.02,0.0,2.8,10.7,6.1,13.3
4,4.5,10.0,0.61,1.011,2.77,0.0,9.6,14.3,4.7,20.6
7,3.2,8.0,0.81,1.0111,2.04,0.49,5.4,14.7,11.6,19.1
6,2.0,6.0,0.83,1.0157,1.38,0.03,1.3,15.3,11.6,19.6
3,2.7,9.0,0.76,1.0223,2.33,0.0,6.7,17.1,10.5,23.1
5,3.0,8.0,0.79,1.0215,2.35,0.0,8.2,18.1,12.8,22.5
5,3.5,8.0,0.76,1.0206,2.46,0.0,8.0,18.1,12.9,23.2
3,4.4,10.0,0.72,1.0185,2.77,0.0,9.7,19.7,14.8,24.5
2,4.5,10.0,0.74,1.0164,2.71,0.0,10.3,19.6,13.3,24.5
4,4.3,10.0,0.74,1.0145,2.65,0.0,7.6,22.5,15.6,28.2
5,2.5,12.0,0.79,1.0148,2.16,0.08,6.0,22.1,17.8,30.2
6,2.5,10.0,0.93,1.0173,1.19,3.8,3.1,17.4,14.9,21.6
6,2.1,9.0,0.91,1.0156,1.58,0.25,4.8,17.8,13.9,22.8
3,2.0,20.0,0.85,1.0131,2.71,0.94,8.1,19.3,13.3,26.6
8,3.0,7.0,0.92,1.0116,0.84,0.0,0.8,16.4,14.1,19.6
4,3.8,9.0,0.74,1.0085,2.92,0.0,10.2,18.6,14.0,23.8
5,2.4,12.0,0.85,1.0038,1.64,3.19,4.5,19.1,14.9,24.7
6,5.1,11.0,0.79,1.0036,1.61,0.15,2.4,18.4,15.4,21.4
7,5.9,14.0,0.83,1.0064,2.03,0.63,5.3,16.0,13.7,20.4
5,4.5,13.0,0.71,1.0065,2.92,0.54,9.5,18.0,13.7,23.2
6,4.2,14.0,0.84,1.0096,1.59,0.43,1.9,17.9,15.2,22.3
2,3.1,9.0,0.74,1.0123,3.24,0.11,13.2,21.2,13.3,26.7
7,3.0,9.0,0.78,1.0128,1.83,0.5,2.9,20.4,17.6,24.1
6,2.8,8.0,0.85,1.0128,0.86,0.0,1.9,16.3,13.9,17.9
6,5.0,15.0,0.79,1.0092,2.23,0.09,5.5,16.6,12.6,21.9
7,5.2,12.0,0.84,1.01,1.73,0.44,5.0,16.1,13.6,20.6
7,4.1,10.0,0.75,1.0106,1.63,0.03,2.6,17.9,14.0,21.3
6,5.5,17.0,0.75,1.0021,1.68,0.18,3.7,16.7,12.3,19.8
8,4.9,14.0,0.83,1.0026,1.23,0.3,2.5,12.5,9.5,15.4
6,5.7,13.0,0.72,1.0082,2.42,0.0,8.4,13.2,8.1,17.6
7,5.5,12.0,0.7,1.0115,2.21,0.0,5.8,15.0,12.0,18.9
8,7.4,16.0,0.81,1.0121,1.04,0.18,0.7,15.2,14.0,17.5
8,4.8,11.0,0.81,1.0143,1.33,0.0,1.0,17.3,13.6,20.6
5,6.2,15.0,0.72,1.0075,2.28,0.0,8.6,20.3,16.5,25.2
6,5.8,13.0,0.8,1.0066,2.05,0.85,7.1,16.9,14.6,20.7
8,5.5,11.0,0.86,1.0031,1.41,0.32,3.4,15.1,13.3,19.1
8,5.2,14.0,0.89,1.0059,1.25,1.91,2.0,13.6,11.9,16.9
8,5.4,12.0,0.86,1.011,1.26,0.52,2.8,14.9,12.8,19.0
8,8.1,18.0,0.73,1.01,1.31,0.05,1.1,15.7,13.4,19.0
5,4.8,12.0,0.72,1.0163,2.12,0.0,6.9,15.9,10.9,21.2
3,2.3,6.0,0.68,1.0168,2.94,0.15,10.2,16.2,9.3,22.6
7,3.5,9.0,0.81,1.0132,2.33,0.36,6.2,14.4,11.4,20.1
5,4.0,9.0,0.85,1.0128,2.17,0.82,6.1,13.5,9.9,19.3
8,4.6,10.0,0.86,1.0139,1.18,0.01,2.0,14.2,11.4,16.8
8,5.5,11.0,0.86,1.0159,1.13,0.01,0.7,16.0,13.5,19.7
5,4.1,9.0,0.79,1.015,1.83,0.03,6.1,21.2,17.0,26.1
2,4.7,11.0,0.68,1.014,2.62,0.0,10.5,23.3,17.8,27.1
3,4.1,11.0,0.59,1.012,2.85,0.0,11.9,25.4,16.6,32.9
6,3.7,10.0,0.62,1.0113,2.37,0.23,6.0,24.1,18.0,29.6
3,5.4,12.0,0.69,1.0169,2.84,0.31,12.6,19.5,15.6,24.0
3,3.3,10.0,0.69,1.0191,2.41,0.02,9.2,19.0,13.6,24.7
4,2.4,6.0,0.75,1.018,1.36,0.0,2.6,18.4,12.5,22.6
5,3.4,14.0,0.87,1.0139,1.34,1.46,5.0,17.9,14.6,23.2
4,2.5,12.0,0.75,1.0155,2.41,0.35,8.8,17.8,11.8,22.8
4,4.3,12.0,0.77,1.0119,2.4,0.3,9.5,16.1,12.2,21.5
6,4.6,13.0,0.83,1.0015,0.62,0.22,0.7,16.0,11.8,18.5
6,6.1,18.0,0.86,1.0048,1.34,1.2,3.3,15.2,12.1,19.5
4,4.8,12.0,0.73,1.0146,2.64,0.0,10.3,18.0,11.7,23.5
6,6.4,14.0,0.71,1.0101,2.04,0.0,4.6,19.7,15.5,24.0
6,6.2,14.0,0.69,1.0132,2.31,0.05,9.7,18.4,14.3,22.6
7,4.3,11.0,0.82,1.014,1.57,1.69,3.3,17.8,14.7,21.2
6,5.0,13.0,0.85,1.0124,0.77,1.82,1.6,14.5,10.2,17.3
3,3.4,12.0,0.79,1.0191,1.84,0.29,8.1,12.6,8.2,17.5
2,2.3,7.0,0.73,1.0205,2.38,0.0,10.6,13.7,7.4,19.1
1,2.7,8.0,0.63,1.0149,2.97,0.0,13.1,17.7,8.7,24.1
7,2.5,7.0,0.83,1.0114,1.02,0.91,1.5,16.4,13.8,20.9
2,1.9,5.0,0.71,1.0223,2.67,0.0,10.6,17.0,12.4,22.4
0,2.7,7.0,0.66,1.0229,2.93,0.0,13.4,20.0,11.7,26.6
0,3.3,8.0,0.56,1.0141,3.05,0.0,13.9,23.4,14.1,30.2
4,3.7,10.0,0.72,1.0099,2.18,0.12,7.8,22.0,16.6,28.4
7,2.1,6.0,0.84,1.0144,1.33,0.07,2.6,17.3,14.7,21.7
8,3.8,8.0,0.84,1.0157,0.64,0.01,0.5,15.6,13.7,17.7
8,3.9,9.0,0.98,1.0143,0.15,5.87,0.0,14.2,12.6,15.8
8,2.9,7.0,0.96,1.0152,0.38,0.04,0.0,16.3,14.5,18.3
3,1.9,5.0,0.78,1.0147,2.56,0.0,10.1,16.5,12.3,21.2
4,1.8,7.0,0.81,1.0105,2.15,0.8,6.2,17.5,10.5,23.3
4,3.6,10.0,0.74,1.012,2.39,0.06,9.6,17.0,12.2,22.2
6,5.6,15.0,0.71,1.0085,2.24,0.08,6.9,19.3,11.7,26.0
7,8.8,20.0,0.85,1.0024,1.01,0.21,2.1,20.4,17.3,24.1
6,6.0,15.0,0.81,1.0097,1.41,0.35,4.0,16.3,12.3,19.8
5,4.9,12.0,0.76,1.0179,1.87,0.27,7.3,14.7,10.8,19.3
5,3.2,8.0,0.72,1.0159,2.04,0.0,7.3,16.2,10.1,21.1
8,3.0,9.0,0.77,1.0081,1.22,0.26,2.0,17.5,14.6,22.8
7,4.8,11.0,0.91,1.0051,0.92,0.59,0.6,15.2,13.0,19.2
7,2.3,6.0,0.91,1.0072,1.36,2.23,2.3,16.2,12.0,19.4
8,3.5,9.0,0.92,1.0046,0.61,0.56,0.2,16.6,15.2,18.8
5,2.3,8.0,0.84,1.0134,1.5,0.07,3.5,17.7,13.9,22.2
3,1.6,5.0,0.79,1.0227,1.97,0.0,8.4,19.3,12.3,25.0
5,2.0,5.0,0.93,1.0278,1.09,0.0,3.3,17.8,14.9,22.4
6,3.0,8.0,0.86,1.0267,1.66,0.0,5.0,17.9,13.5,22.6
5,1.9,5.0,0.8,1.0236,1.51,0.0,4.6,14.5,11.2,18.9
5,2.7,7.0,0.8,1.0204,1.58,0.0,4.2,13.2,9.6,17.6
3,3.7,10.0,0.74,1.0185,1.98,0.0,9.0,12.9,8.4,18.4
5,2.6,8.0,0.82,1.0201,1.55,0.0,6.2,13.6,5.6,18.6
8,3.6,10.0,0.89,1.0193,0.67,0.38,0.5,15.4,13.8,18.2
7,3.2,9.0,0.82,1.0199,1.43,0.0,5.4,16.0,13.5,20.0
8,4.7,11.0,0.8,1.0172,0.95,0.0,1.9,16.5,13.8,20.4
7,4.4,11.0,0.81,1.015,1.37,0.82,5.7,14.5,10.9,18.4
4,3.2,10.0,0.8,1.0247,1.6,0.12,7.1,11.5,7.9,15.9
6,2.8,5.0,0.91,1.0294,0.87,0.14,1.7,11.0,4.6,14.5
7,3.2,10.0,0.89,1.028,1.09,0.1,4.5,15.8,12.6,19.8
6,3.0,8.0,0.88,1.0285,0.92,0.09,1.0,15.2,11.6,19.0
8,2.7,7.0,0.88,1.025,0.99,0.0,1.4,15.0,9.9,19.7
6,2.7,8.0,0.83,1.0218,1.1,0.0,2.1,14.4,10.6,17.7
7,4.3,11.0,0.86,1.0159,0.63,0.34,1.6,13.6,11.0,17.2
7,2.8,8.0,0.83,1.0223,1.27,0.02,3.4,13.9,10.4,18.5
5,1.3,5.0,0.84,1.0273,1.47,0.0,3.7,13.0,7.8,17.8
5,2.8,7.0,0.84,1.0249,1.25,0.0,3.3,13.7,8.9,18.1
4,2.5,9.0,0.82,1.0197,1.67,0.0,6.7,14.5,7.3,20.6
1,1.5,4.0,0.75,1.0243,1.72,0.0,9.5,14.0,8.6,18.8
3,5.1,12.0,0.75,1.0153,1.35,0.0,5.2,16.3,8.7,22.2
7,3.8,12.0,0.87,1.0096,0.84,0.91,1.1,14.4,11.0,20.1
6,3.2,11.0,0.86,1.0179,1.21,0.78,4.7,10.5,6.3,15.0
7,5.7,13.0,0.78,1.0232,1.41,0.06,5.4,11.2,6.4,15.7
7,6.5,12.0,0.72,1.0215,1.23,0.0,2.8,13.8,9.4,18.9
4,4.8,11.0,0.69,1.0207,1.73,0.0,8.6,15.5,11.7,20.6
0,1.8,5.0,0.75,1.0218,1.78,0.0,10.8,15.3,8.9,22.2
3,3.3,8.0,0.8,1.0206,1.44,0.0,6.8,17.1,10.5,23.3
4,6.2,18.0,0.85,1.014,0.94,0.16,4.9,14.4,9.9,20.6
4,5.5,12.0,0.79,1.0144,1.25,0.01,6.7,11.9,7.6,16.3
7,2.8,8.0,0.93,1.014,0.61,0.15,1.5,10.1,7.4,13.6
8,5.3,14.0,0.94,1.0108,0.32,2.3,0.1,10.5,7.8,12.5
6,2.9,10.0,0.89,1.006,1.07,0.46,3.1,12.4,8.7,16.1
8,4.4,10.0,0.96,1.0115,0.19,0.34,0.0,11.6,8.7,12.7
5,2.6,6.0,0.88,1.0226,1.35,0.0,7.3,12.1,7.6,16.8
8,3.8,8.0,0.96,1.0226,0.32,1.56,0.3,12.4,10.3,13.8
8,2.7,6.0,0.98,1.0203,0.38,0.0,0.0,13.7,12.8,14.9
8,1.8,6.0,0.97,1.018,0.61,0.36,0.9,15.8,13.3,19.0
6,1.6,5.0,0.91,1.0212,1.2,0.0,6.5,15.1,11.0,19.2
2,2.6,8.0,0.88,1.0243,1.27,0.0,7.9,11.5,7.2,16.6
0,3.6,9.0,0.86,1.0229,1.54,0.0,10.3,11.0,6.6,16.5
0,1.5,4.0,0.84,1.0217,1.47,0.0,9.3,11.0,5.0,18.7
5,1.6,4.0,0.91,1.0242,0.97,0.0,3.4,10.3,5.6,15.0
8,1.9,4.0,0.92,1.024,0.64,0.34,1.6,10.5,6.3,15.0
4,2.3,6.0,0.87,1.0237,1.05,0.1,5.7,12.3,8.6,16.5
8,1.8,5.0,0.98,1.0273,0.6,0.0,0.4,9.8,7.3,12.6
8,3.0,7.0,0.95,1.0246,0.32,0.0,0.0,12.3,9.9,15.0
3,2.9,7.0,0.82,1.0262,1.22,0.0,7.7,11.8,6.4,15.9
0,2.3,6.0,0.76,1.0221,1.35,0.0,9.9,11.1,4.1,17.4
3,4.3,11.0,0.8,1.0169,1.2,0.0,8.8,13.6,5.9,19.9
3,5.7,11.0,0.77,1.0176,1.13,0.0,8.0,14.6,10.8,19.3
6,5.3,13.0,0.87,1.0168,0.27,0.2,0.7,12.1,8.3,15.4
6,2.5,11.0,0.85,1.0296,0.78,0.08,5.6,8.5,5.9,12.8
8,2.4,7.0,0.82,1.0335,0.6,0.0,1.3,8.0,4.4,10.8
3,2.3,7.0,0.81,1.0361,1.21,0.0,9.3,5.4,0.3,9.9
7,2.7,8.0,0.92,1.0295,0.34,0.17,0.3,6.3,1.6,10.0
0,3.4,8.0,0.86,1.0271,1.16,0.0,9.1,4.4,0.4,9.1
0,4.7,10.0,0.83,1.0257,1.12,0.0,9.3,3.3,-0.4,7.9
6,4.7,10.0,0.88,1.0245,0.38,0.0,0.4,5.6,-0.6,8.7
8,3.7,8.0,0.89,1.0233,0.39,0.0,0.1,7.8,6.1,9.7
8,2.8,7.0,0.84,1.0225,0.27,0.0,0.0,7.9,7.0,9.4
8,2.3,7.0,0.85,1.0279,0.23,0.0,0.5,8.1,6.9,9.5
8,5.8,11.0,0.8,1.0218,0.52,0.0,1.1,8.7,7.4,10.8
8,4.8,12.0,0.94,1.0125,0.1,2.82,0.0,8.8,7.5,9.6
5,2.3,9.0,0.91,1.0196,0.5,0.19,2.9,7.9,2.9,11.3
3,3.3,6.0,0.92,1.0301,0.8,0.0,5.8,6.1,1.8,12.2
8,2.8,6.0,0.9,1.032,0.3,0.0,0.0,9.4,5.8,12.0
8,2.6,6.0,0.98,1.0325,0.18,0.11,0.0,11.4,10.0,12.4
8,2.1,6.0,0.96,1.0286,0.23,0.05,0.0,12.1,9.5,13.2
8,1.9,5.0,0.84,1.0285,0.32,0.0,0.9,9.5,8.2,11.5
8,3.6,11.0,0.86,1.0265,0.32,0.18,0.0,9.1,7.2,10.5
6,2.9,12.0,0.91,1.0273,0.39,0.09,2.5,7.4,5.3,10.1
8,5.3,14.0,0.88,1.0226,0.07,0.05,0.0,8.5,5.9,10.3
8,5.4,15.0,0.92,1.0145,0.2,0.8,0.0,9.5,6.3,11.2
8,4.5,15.0,0.91,1.0169,0.53,0.5,4.2,4.4,2.1,6.9
8,4.9,16.0,0.92,1.0151,0.18,1.59,0.5,7.8,4.2,10.2
7,5.0,14.0,0.9,1.0113,0.23,0.77,0.9,7.7,2.5,10.5
4,3.3,10.0,0.89,1.0202,0.57,0.0,4.5,4.3,1.5,8.6
8,5.1,12.0,0.96,1.0106,0.16,0.74,0.3,4.6,2.7,6.0
8,4.3,12.0,0.85,1.014,0.45,0.0,3.3,2.7,0.7,4.4
5,2.6,9.0,0.89,1.0261,0.54,0.0,4.2,0.7,-2.1,3.3
5,2.9,6.0,0.89,1.0293,0.34,0.0,2.5,0.7,-3.0,4.3
1,3.0,5.0,0.88,1.0268,0.53,0.0,5.4,2.0,-0.7,6.6
1,3.2,10.0,0.86,1.0123,0.64,0.0,6.2,2.3,-2.9,8.6
7,3.3,9.0,0.86,1.0082,0.22,0.13,1.4,4.1,-0.1,6.5
8,3.9,10.0,0.72,1.0084,0.22,0.25,0.1,9.4,5.4,12.9
5,5.1,14.0,0.8,1.0061,0.15,0.02,0.3,10.0,6.4,13.0
3,3.9,9.0,0.88,1.0067,0.53,0.0,5.4,8.9,3.6,12.5
6,3.0,12.0,0.92,1.0165,0.07,0.01,0.0,5.3,-0.9,9.3
5,4.5,14.0,0.9,1.0244,0.59,0.05,6.1,2.4,-1.4,6.7
8,4.5,12.0,0.92,1.0198,0.17,0.27,0.7,5.8,3.9,8.8
8,2.8,9.0,0.88,1.0268,0.3,0.02,1.2,4.4,2.4,6.5
8,2.1,4.0,0.96,1.0288,0.22,0.0,0.0,4.9,4.1,6.5
6,3.7,10.0,0.84,1.0208,0.39,0.0,3.0,4.1,2.0,7.1
8,7.0,13.0,0.91,1.0096,0.12,0.31,0.0,4.7,2.8,6.0
7,6.9,14.0,0.93,1.0094,0.1,0.22,0.0,6.3,2.2,8.4
6,8.6,17.0,0.84,1.0052,0.46,0.91,5.0,8.3,6.7,10.2
7,10.6,24.0,0.86,0.9962,0.08,0.6,0.0,8.8,6.3,10.6
7,5.6,14.0,0.83,0.9979,0.33,0.71,3.0,6.6,4.9,8.4
7,4.9,12.0,0.92,1.0158,0.23,0.04,0.0,6.6,3.7,9.9
8,9.3,18.0,0.85,1.0139,0.18,0.15,0.2,10.9,9.8,12.6
6,9.0,17.0,0.92,1.0104,0.07,1.31,0.0,10.0,8.2,13.4
6,8.3,22.0,0.82,0.9992,0.24,1.25,2.4,9.2,5.9,13.4
8,8.2,21.0,0.83,1.0027,0.28,0.21,0.7,5.9,4.8,7.3
7,7.8,14.0,0.84,0.9882,0.28,0.19,2.7,7.5,6.5,9.0
8,4.4,11.0,0.97,1.001,0.05,0.41,0.0,6.3,4.8,7.4
6,3.9,10.0,0.88,1.0254,0.31,0.01,3.1,4.6,-0.1,6.4
7,2.1,6.0,0.96,1.0372,0.16,0.0,0.2,2.6,-0.9,4.5
5,2.3,6.0,0.99,1.0411,0.23,0.0,0.8,1.5,-1.4,4.2
8,3.3,9.0,0.86,1.039,0.12,0.0,0.0,0.3,-3.0,1.9
4,4.9,11.0,0.75,1.0365,0.3,0.0,1.6,0.2,-4.1,2.3
1,4.0,8.0,0.85,1.0374,0.47,0.0,6.8,-1.7,-4.7,1.8
2,5.9,14.0,0.84,1.0353,0.41,0.0,4.7,-1.5,-4.5,1.0
1,4.9,10.0,0.88,1.0364,0.45,0.0,5.5,-2.1,-4.6,1.5
0,3.9,9.0,0.88,1.0388,0.47,0.0,6.8,-1.3,-5.1,4.0
8,2.4,5.0,1.0,1.0357,0.11,0.0,0.0,-3.9,-5.7,-2.8
3,1.1,4.0,0.99,1.0293,0.44,0.0,6.0,-3.9,-6.6,-0.4
1,2.8,7.0,0.79,1.0268,0.51,0.0,6.5,-0.7,-5.8,5.5
7,3.0,6.0,0.88,1.0291,0.09,0.0,0.0,1.1,-1.4,2.7
5,3.4,9.0,0.9,1.0277,0.36,0.0,4.3,1.6,-2.8,5.5
6,6.3,13.0,0.72,1.0202,0.27,0.0,1.7,3.8,1.2,5.6
8,5.3,11.0,0.96,1.0268,0.11,0.15,0.0,2.9,1.7,4.2
7,6.4,11.0,0.92,1.0316,0.22,0.0,0.6,4.1,1.0,6.3
3,7.4,14.0,0.89,1.0259,0.4,0.0,5.2,5.9,2.7,8.4
6,8.5,17.0,0.89,1.0159,0.09,0.32,0.0,5.0,1.6,6.7
8,3.8,12.0,0.92,1.0236,0.21,0.17,0.5,5.4,3.7,7.1
8,2.0,4.0,0.99,1.0291,0.09,0.23,0.0,4.4,3.3,5.5
6,3.2,9.0,0.99,1.0251,0.17,0.13,0.2,2.0,-1.4,4.0
0,5.4,14.0,0.84,1.0185,0.54,0.0,7.0,-1.5,-4.2,0.1
7,5.9,12.0,0.79,1.0062,0.18,0.18,0.7,0.1,-1.3,1.6
7,4.3,12.0,0.78,1.0079,0.12,0.0,0.0,4.1,1.3,7.6
7,7.3,17.0,0.89,1.0032,0.21,0.83,0.8,6.6,4.5,8.6
5,4.8,10.0,0.89,1.0114,0.33,0.0,3.1,5.0,3.1,6.7
6,8.4,19.0,0.81,1.0119,0.36,0.48,3.9,7.5,5.3,8.9
3,6.3,13.0,0.88,1.0188,0.26,0.0,1.3,5.7,3.4,8.2
6,6.8,14.0,0.88,1.0138,0.11,0.64,1.0,5.6,3.9,7.3
5,9.2,17.0,0.83,1.0116,0.22,0.0,0.2,7.5,3.9,10.7
8,7.5,15.0,0.76,1.0005,0.26,0.53,1.3,10.4,7.7,12.8
6,7.5,20.0,0.81,1.0073,0.16,0.01,1.1,5.6,3.0,8.2
1,5.8,13.0,0.71,1.0134,0.56,0.0,7.2,5.0,1.3,8.4
6,8.3,16.0,0.76,1.0058,0.43,0.0,3.8,7.2,3.4,9.3
8,11.8,24.0,0.79,0.9967,0.2,0.08,0.0,8.4,7.5,10.0
8,5.6,18.0,0.89,0.9969,0.21,0.45,0.3,7.0,4.6,8.8
7,6.7,17.0,0.9,1.0061,0.23,0.3,1.1,6.8,2.8,9.7
8,8.7,17.0,0.87,1.0135,0.15,0.25,0.0,9.5,7.9,12.3
8,9.1,18.0,0.92,1.0204,0.05,0.85,0.0,12.1,11.4,12.9
8,9.0,16.0,0.87,1.0222,0.08,0.03,0.0,11.4,10.1,12.3
8,9.6,19.0,0.85,1.0135,0.1,0.39,0.0,9.4,8.3,10.6
4,3.9,13.0,0.81,1.0219,0.56,0.08,5.2,4.9,0.5,9.8
8,7.2,14.0,0.82,1.0292,0.18,0.01,0.7,5.6,1.0,8.4
7,5.8,14.0,0.86,1.0289,0.12,0.26,0.0,7.3,1.5,9.4
4,6.5,13.0,0.83,1.0378,0.59,0.0,6.7,4.6,0.1,7.7
6,7.5,14.0,0.81,1.0344,0.59,0.0,5.3,6.7,5.1,9.0
8,5.0,13.0,0.88,1.0325,0.1,0.0,0.0,6.4,4.4,8.1
8,2.3,5.0,0.81,1.034,0.22,0.0,0.2,7.2,6.0,8.7
8,2.5,6.0,0.82,1.0287,0.15,0.0,0.0,4.1,0.8,6.1
7,3.5,8.0,0.97,1.0249,0.09,0.63,0.0,2.6,-0.1,4.2
7,11.0,23.0,0.88,1.0132,0.35,0.23,0.7,3.0,0.4,5.8
6,8.1,18.0,0.84,0.999,0.22,0.41,0.0,5.1,2.8,6.7
4,5.8,15.0,0.78,1.0148,0.62,0.52,6.0,2.3,0.6,4.9
2,5.3,12.0,0.64,1.0117,0.73,0.0,6.7,3.9,0.0,7.3
6,6.3,15.0,0.82,1.0047,0.15,0.46,0.3,5.7,3.3,8.1
7,10.0,19.0,0.85,1.0094,0.19,0.12,0.0,7.5,3.3,10.9
6,5.0,17.0,0.88,1.0212,0.2,0.48,0.3,6.9,1.3,10.7
3,3.5,8.0,0.81,1.0374,0.76,0.0,7.8,4.1,0.4,9.3
0,2.5,7.0,0.59,1.036,0.93,0.0,8.3,6.0,-0.4,12.9
0,2.6,5.0,0.58,1.0345,0.97,0.0,8.7,6.6,-0.2,13.4
0,2.5,8.0,0.62,1.0351,0.94,0.0,8.3,6.4,1.7,12.6
0,4.0,8.0,0.73,1.035,0.96,0.0,8.7,6.8,2.4,13.8
0,2.9,7.0,0.79,1.035,1.02,0.0,8.9,5.2,-0.3,11.9
8,2.5,5.0,1.0,1.0364,0.4,0.0,0.0,0.9,-1.5,3.4
8,3.2,8.0,1.0,1.037,0.14,0.0,0.0,1.2,-0.6,3.3
4,5.2,11.0,0.74,1.0384,0.94,0.0,6.1,2.3,-1.7,5.9
0,4.4,11.0,0.64,1.0434,1.14,0.0,9.1,-0.5,-4.6,3.6
0,1.9,4.0,0.54,1.0401,1.14,0.0,9.2,0.8,-5.2,8.3
0,2.1,5.0,0.66,1.034,1.17,0.0,9.0,1.0,-3.6,8.5
2,3.1,7.0,0.91,1.0258,1.03,0.0,6.7,0.6,-4.2,5.2
6,4.3,8.0,0.84,1.0201,0.2,0.0,0.0,4.4,-0.2,6.8
8,6.8,14.0,0.89,1.0231,0.4,0.02,0.6,7.4,2.2,9.5
8,8.4,15.0,0.87,1.0242,0.1,0.0,0.0,9.1,8.2,10.0
6,5.4,12.0,0.83,1.0272,0.75,0.0,3.9,9.3,6.5,12.3
6,4.2,11.0,0.79,1.0199,0.78,0.0,4.7,10.3,7.8,13.9
5,3.9,14.0,0.82,1.0202,1.06,0.37,7.0,9.2,5.0,12.1
7,8.8,19.0,0.83,1.0094,0.2,0.31,0.0,10.2,6.4,12.8
4,4.1,11.0,0.81,1.0177,0.75,0.0,5.0,6.4,3.1,10.1
8,2.7,8.0,0.85,1.0205,0.61,0.4,0.6,7.1,2.8,11.1
8,5.8,20.0,0.91,1.0125,0.45,0.94,0.2,8.1,6.9,9.5
7,8.3,24.0,0.75,1.004,0.45,0.62,1.5,8.8,6.7,10.7
8,6.1,17.0,0.81,1.0085,0.4,0.05,0.8,10.4,7.4,13.6
6,4.8,13.0,0.74,1.0105,0.87,0.17,5.0,6.1,2.2,9.0
7,4.4,14.0,0.85,1.0187,1.05,0.43,5.1,2.9,-0.1,7.2
2,2.9,8.0,0.75,1.0306,1.38,0.0,8.7,1.5,-1.8,6.1
8,6.0,10.0,0.82,1.0236,0.44,0.0,0.0,5.2,1.1,7.7
7,4.9,11.0,0.83,1.0149,0.42,0.0,1.4,6.9,4.5,8.8
3,5.8,14.0,0.74,1.0103,1.42,0.0,9.4,6.4,1.5,10.5
7,8.6,16.0,0.77,1.001,0.77,0.02,1.5,8.1,5.3,11.0
6,9.7,22.0,0.76,0.987,0.46,0.18,2.2,6.7,4.8,8.8
8,10.0,21.0,0.83,0.9894,0.68,0.82,1.7,8.3,5.0,11.7
6,8.3,21.0,0.7,0.9995,0.5,0.17,2.1,7.7,5.2,10.4
7,6.1,13.0,0.79,1.0127,1.02,0.28,4.8,7.4,5.1,10.6
7,3.7,11.0,0.8,1.0114,0.72,0.42,1.9,8.2,3.9,11.5
5,2.9,7.0,0.79,1.0075,1.27,0.0,5.4,10.4,3.0,15.4
8,4.7,16.0,0.93,1.0004,0.5,2.67,0.4,8.9,5.6,13.0
8,4.1,10.0,0.74,1.0131,0.53,0.0,0.3,4.8,2.2,6.2
5,2.8,9.0,0.79,1.0157,1.16,0.0,5.6,3.3,-0.6,7.2
6,3.6,13.0,0.8,1.0167,1.19,0.05,5.7,3.6,1.3,7.4
8,6.3,21.0,0.89,1.0099,0.52,1.29,0.2,4.1,1.2,7.6
7,5.1,17.0,0.89,0.9829,1.01,1.13,3.8,4.1,0.6,7.1
8,4.8,15.0,0.89,0.9907,0.94,0.41,2.5,2.3,-0.4,7.0
2,2.6,9.0,0.65,0.9996,2.04,0.0,10.7,1.0,-3.1,5.4
7,3.4,10.0,0.94,0.9957,1.14,0.62,4.4,0.8,-0.7,5.0
6,4.3,14.0,0.86,1.0034,1.16,0.41,5.0,0.8,-0.9,3.8
8,3.4,10.0,0.97,1.001,0.29,0.29,0.0,3.2,0.3,5.5
8,2.4,6.0,0.94,1.0,0.58,0.26,0.3,5.6,2.8,9.0
7,7.3,18.0,0.81,1.0058,1.28,0.34,2.8,7.3,4.5,10.9
6,7.3,16.0,0.66,1.0137,1.48,0.0,6.9,9.1,5.9,13.1
6,5.8,12.0,0.72,1.0065,0.61,1.31,1.8,9.6,7.9,15.7
4,3.6,9.0,0.71,1.0166,1.58,0.0,7.4,9.9,5.9,14.7
5,5.8,17.0,0.8,1.0209,1.14,0.03,4.1,8.9,3.3,13.2
8,3.6,9.0,0.82,1.0222,0.69,0.0,1.1,8.1,5.5,10.3
7,3.5,8.0,0.83,1.0269,0.64,0.07,0.2,6.9,3.3,9.6
7,2.9,7.0,0.86,1.0262,1.02,0.12,1.8,7.0,0.8,11.2
8,3.6,10.0,0.93,1.0097,0.51,0.76,0.9,7.2,3.7,9.6
6,2.9,9.0,0.75,1.0022,1.47,0.03,4.8,4.1,0.0,8.2
4,2.8,11.0,0.79,1.0032,1.84,0.01,8.0,3.4,-1.5,8.3
4,2.3,7.0,0.69,1.0047,1.82,0.0,8.4,4.9,-0.8,9.9
6,2.2,7.0,0.71,0.9992,1.49,0.0,2.1,6.2,2.6,10.3
2,2.4,8.0,0.71,0.9992,2.11,0.0,8.6,6.1,0.3,11.6
4,2.9,9.0,0.66,1.0005,1.79,0.0,6.6,8.1,3.7,13.0
3,5.5,16.0,0.67,1.0085,1.67,0.12,8.9,8.9,3.8,13.2
7,3.1,9.0,0.84,1.011,1.4,0.7,3.9,8.4,5.9,13.3
8,2.4,7.0,0.95,1.0136,0.55,1.49,0.4,6.7,4.8,9.5
6,1.9,10.0,0.87,1.0215,1.3,0.16,3.5,5.2,2.2,9.1
2,2.3,8.0,0.73,1.0204,1.99,0.0,8.6,4.3,-0.7,9.6
1,4.6,10.0,0.67,1.0085,2.56,0.0,12.6,6.0,-1.4,11.8
6,6.5,12.0,0.68,0.9991,1.57,0.0,4.4,8.0,2.5,13.5
8,4.4,9.0,0.86,0.9994,0.95,0.14,0.7,8.3,5.2,11.5
3,4.8,10.0,0.76,1.0039,2.34,0.0,9.1,11.5,4.4,17.6
4,5.6,11.0,0.72,1.0023,2.02,0.0,7.4,11.9,6.4,17.1
4,4.5,11.0,0.73,1.0088,1.88,0.0,5.1,11.5,5.7,15.9
6,2.9,10.0,0.75,1.0174,1.94,0.36,6.2,12.9,7.3,19.9
5,4.6,13.0,0.75,1.0226,2.24,0.06,7.8,12.7,8.8,17.7
6,3.2,9.0,0.74,1.0279,1.71,0.0,4.1,11.3,7.6,15.5
4,2.3,7.0,0.63,1.0268,2.51,0.0,9.1,14.3,8.7,20.3
3,3.9,10.0,0.45,1.0169,2.56,0.0,10.7,17.3,10.4,22.7
7,3.0,9.0,0.82,1.0069,0.7,1.12,3.2,11.6,7.6,17.0
7,5.6,14.0,0.77,1.0025,2.05,0.33,6.3,11.1,8.0,15.3
7,6.9,18.0,0.66,0.9996,1.33,0.0,3.1,11.9,7.4,16.1
6,5.4,15.0,0.76,1.0119,1.75,0.1,6.1,9.9,6.5,14.8
4,3.4,8.0,0.73,1.0224,2.5,0.0,8.8,11.4,6.5,16.6
0,2.8,8.0,0.65,1.0253,2.88,0.0,13.2,13.7,5.2,19.5
0,3.4,10.0,0.57,1.0235,2.95,0.0,13.8,15.0,7.2,20.7
0,4.7,12.0,0.51,1.0253,3.05,0.0,13.0,15.6,9.9,21.1
0,4.5,11.0,0.62,1.024,3.01,0.0,14.0,16.9,9.6,23.4
0,3.4,9.0,0.55,1.0205,3.02,0.0,13.8,17.9,10.3,23.3
0,3.7,11.0,0.49,1.017,3.08,0.0,14.0,18.2,10.4,24.0
0,4.4,11.0,0.45,1.0149,3.1,0.0,14.0,19.6,11.8,25.4
0,4.4,12.0,0.44,1.0169,3.14,0.0,14.0,20.2,14.0,25.6
0,4.1,12.0,0.49,1.018,3.14,0.0,14.2,18.5,9.7,24.5
1,3.8,11.0,0.49,1.0167,3.16,0.0,14.4,18.9,9.5,25.1
3,3.6,9.0,0.53,1.0148,2.58,0.0,9.8,18.7,10.6,25.9
4,3.2,10.0,0.59,1.0121,2.85,0.07,11.1,19.2,11.4,25.7
6,2.2,9.0,0.79,1.0084,1.86,0.75,4.7,16.9,13.1,23.1
5,3.9,10.0,0.8,1.0067,2.38,0.23,6.3,16.5,13.6,21.5
8,3.1,8.0,0.96,1.0059,0.59,1.62,0.4,12.7,8.9,14.6
7,4.7,9.0,0.78,1.0114,1.32,0.08,2.6,10.5,7.7,14.6
3,4.4,9.0,0.65,1.0151,2.52,0.0,8.3,10.5,6.6,15.6
3,4.6,10.0,0.62,1.0169,3.14,0.0,12.7,11.5,5.5,17.5
3,3.3,9.0,0.57,1.0165,3.08,0.0,12.6,13.7,5.3,19.9
8,3.2,10.0,0.58,1.0155,1.83,0.0,2.2,15.3,11.1,19.8
4,3.2,10.0,0.59,1.0131,2.41,0.0,7.5,16.7,12.0,22.0
6,4.6,11.0,0.69,1.0101,1.63,0.25,3.0,16.4,10.5,21.2
7,3.1,9.0,0.78,1.0112,2.35,0.02,7.1,18.4,14.2,24.1
8,3.8,8.0,0.85,1.0098,1.42,0.13,0.8,18.4,14.7,23.8
5,3.5,10.0,0.9,1.0098,0.94,0.18,1.6,18.2,14.6,21.9
5,3.6,11.0,0.72,1.0103,1.48,0.01,4.0,19.7,14.1,25.9
7,2.5,12.0,0.89,1.0109,1.02,1.35,1.1,17.2,13.9,20.9
8,2.8,8.0,0.89,1.0116,1.22,0.4,1.4,16.7,14.3,20.3
7,2.3,8.0,0.83,1.0147,1.5,0.0,2.3,16.4,13.7,21.1
5,2.7,6.0,0.7,1.0142,2.82,0.0,9.3,19.8,14.6,24.6
6,3.9,14.0,0.74,1.0106,2.23,1.75,4.5,21.6,16.5,29.2
5,4.3,10.0,0.77,1.0119,2.13,0.14,7.8,19.1,14.9,23.4
7,3.3,8.0,0.86,1.0156,1.54,0.29,1.4,17.3,15.0,21.7
8,2.4,6.0,0.97,1.0147,0.33,2.56,0.0,15.2,13.7,17.2
8,2.6,7.0,0.9,1.0132,1.22,0.0,0.5,15.7,13.6,20.2
8,2.8,6.0,0.93,1.0165,0.72,0.74,0.0,14.3,12.7,16.3
5,2.0,6.0,0.83,1.0208,1.91,0.0,6.1,17.7,13.4,23.7
2,2.5,8.0,0.66,1.022,3.16,0.0,11.9,20.3,12.8,27.3
1,2.7,9.0,0.7,1.0208,3.03,0.0,13.2,18.9,11.2,25.5
4,2.6,10.0,0.71,1.0199,1.74,0.0,5.3,13.7,9.1,18.7
8,3.6,13.0,0.92,1.0138,0.47,2.37,0.3,10.5,8.4,12.5
8,2.4,8.0,0.8,1.0161,1.63,0.01,2.8,11.6,8.6,14.6
7,3.3,11.0,0.79,1.0149,1.7,0.01,4.5,12.0,8.4,16.7
5,3.1,10.0,0.83,1.0106,1.82,0.12,5.4,11.6,7.3,18.0
3,2.1,7.0,0.71,1.0111,2.84,0.0,10.6,12.8,6.3,17.8
2,1.8,5.0,0.61,1.0133,3.27,0.0,13.8,15.4,7.2,21.3
2,3.5,10.0,0.62,1.0148,3.11,0.0,11.1,17.2,10.3,22.8
5,6.5,17.0,0.7,1.0129,1.79,0.11,5.5,16.3,10.7,20.4
5,4.0,13.0,0.7,1.0193,2.36,0.1,5.6,15.1,9.6,20.2
5,2.1,7.0,0.8,1.0194,2.36,0.03,5.6,17.8,12.3,24.5
4,5.8,16.0,0.72,1.0132,2.19,0.95,5.8,21.8,14.7,28.9
1,4.3,10.0,0.63,1.0193,3.5,0.0,14.8,16.4,10.4,21.9
1,3.8,9.0,0.67,1.0173,3.31,0.0,14.0,18.0,10.1,23.9
5,3.6,12.0,0.76,1.0155,1.95,0.64,5.9,18.5,13.4,23.9
2,4.3,9.0,0.67,1.02,3.19,0.0,12.6,17.0,10.8,22.1
6,5.8,13.0,0.76,1.0186,1.78,0.24,5.2,16.6,12.0,21.4
5,5.7,14.0,0.77,1.0188,1.62,0.03,5.4,18.2,14.5,22.8
4,4.8,11.0,0.71,1.0186,2.99,0.0,10.7,17.1,12.7,21.6
2,3.1,8.0,0.72,1.021,2.88,0.0,9.7,16.8,12.4,22.3
0,2.3,7.0,0.61,1.0155,3.41,0.0,14.9,21.0,10.6,27.4
4,3.8,16.0,0.73,1.0093,2.13,1.97,7.4,22.4,16.7,30.0
7,2.8,7.0,0.89,1.0114,0.72,0.49,0.5,16.6,13.2,18.4
5,3.4,10.0,0.77,1.0166,2.85,0.0,8.3,16.5,12.3,21.8
4,2.7,10.0,0.75,1.0141,2.39,0.19,7.6,18.0,11.6,24.7
5,5.6,12.0,0.67,1.008,2.71,0.0,8.4,18.2,15.3,21.8
7,7.6,19.0,0.78,1.0046,1.66,1.28,4.4,15.3,12.3,18.7
8,6.7,16.0,0.81,1.0103,1.39,0.53,2.6,14.8,12.6,18.2
8,4.5,10.0,0.87,1.015,1.17,0.65,1.5,15.0,13.1,18.0
7,4.5,12.0,0.84,1.0106,1.71,1.33,2.1,18.8,14.9,22.7
7,4.3,10.0,0.86,1.0081,1.55,0.16,2.6,16.8,14.1,20.5
6,5.0,14.0,0.79,1.0097,1.92,0.05,4.2,15.0,9.6,18.6
4,2.4,7.0,0.71,1.0149,2.52,0.0,7.9,14.7,8.1,20.5
1,2.3,7.0,0.72,1.0234,2.93,0.0,12.3,16.2,8.8,22.0
4,4.9,12.0,0.79,1.0258,2.8,0.0,10.5,17.6,11.9,21.7
7,3.3,8.0,0.85,1.0199,0.96,0.72,1.0,15.9,11.6,19.2
8,3.3,10.0,0.85,1.0148,0.9,0.19,0.3,14.2,10.4,18.9
8,5.1,10.0,0.82,1.0121,0.97,0.0,0.7,15.8,12.3,18.8
6,6.6,17.0,0.78,1.0094,1.61,0.12,4.9,17.3,13.6,21.7
6,3.8,12.0,0.84,1.0149,1.58,0.5,5.3,13.3,9.6,18.0
8,4.1,14.0,0.91,1.0194,0.73,0.63,0.1,11.9,10.0,13.7
7,2.9,8.0,0.77,1.0243,2.16,0.02,6.7,15.4,11.4,21.0
5,2.4,7.0,0.84,1.0249,1.38,0.0,1.4,16.2,10.6,20.1
0,4.2,11.0,0.66,1.0185,3.2,0.0,14.5,19.8,11.5,25.5
3,3.3,9.0,0.65,1.0126,2.76,0.0,10.6,22.5,16.1,27.7
5,2.4,9.0,0.86,1.0142,1.78,3.42,5.4,20.1,15.2,26.7
5,2.2,8.0,0.88,1.0169,2.42,0.14,6.7,20.9,15.8,26.6
5,2.3,17.0,0.88,1.0146,1.77,0.53,4.6,21.2,18.2,28.1
4,3.0,9.0,0.81,1.0159,2.01,0.0,5.9,21.6,18.0,26.2
1,1.6,4.0,0.73,1.0181,2.73,0.0,11.7,22.3,15.1,28.4
2,2.3,6.0,0.7,1.0138,2.48,0.0,9.4,24.6,16.5,30.5
5,3.8,10.0,0.73,1.0152,2.11,0.03,6.8,20.4,16.4,23.7
7,5.7,14.0,0.75,1.0158,1.55,0.07,4.4,19.1,16.0,22.7
7,5.7,14.0,0.83,1.0124,1.59,3.59,3.9,19.0,14.6,23.1
4,4.4,11.0,0.75,1.0108,2.45,0.11,8.3,17.7,13.3,21.8
8,3.6,9.0,0.77,1.0164,1.48,0.0,2.7,18.0,13.2,23.1
1,3.2,8.0,0.67,1.013,2.81,0.0,12.3,22.9,16.4,29.0
6,4.5,15.0,0.8,1.0061,1.42,0.65,3.6,20.0,14.5,24.7
6,4.1,12.0,0.9,1.009,1.22,2.38,4.0,16.1,13.4,20.5
5,4.0,10.0,0.73,1.0145,2.5,0.0,10.1,17.4,9.8,22.2
8,6.5,13.0,0.81,1.0077,1.0,0.26,1.3,17.9,15.7,20.3
6,4.1,10.0,0.71,1.0052,1.93,0.0,4.4,17.9,14.4,22.0
5,6.1,18.0,0.74,0.9969,2.01,0.63,7.4,18.4,14.9,23.3
4,8.5,20.0,0.73,1.0067,2.03,0.99,8.1,16.4,13.3,21.3
3,4.3,10.0,0.72,1.0147,1.98,0.0,7.4,15.6,11.7,20.5
3,2.0,7.0,0.76,1.015,2.25,0.0,9.2,15.5,10.0,21.5
2,2.0,6.0,0.7,1.0122,2.43,0.0,9.9,16.5,8.9,22.3
8,3.0,9.0,0.71,1.0096,1.18,0.02,1.5,17.4,14.0,22.5
7,4.0,14.0,0.81,1.0092,1.14,0.05,1.9,17.9,13.7,22.6
7,6.8,16.0,0.72,1.0086,1.65,0.0,3.7,18.4,15.9,22.3
7,6.6,14.0,0.79,1.0137,1.17,0.03,2.7,16.5,14.2,20.0
6,5.3,14.0,0.75,1.0165,1.8,0.04,6.0,17.7,13.6,22.2
8,2.0,5.0,0.92,1.0133,0.61,1.1,0.7,15.1,11.0,18.3
5,3.8,12.0,0.89,1.0133,1.25,2.33,5.6,13.6,10.5,18.3
7,4.4,10.0,0.84,1.0138,1.44,0.12,2.7,14.8,10.1,20.4
7,4.3,9.0,0.81,1.0167,1.29,0.02,4.0,16.8,13.5,20.7
8,4.6,10.0,0.8,1.0223,0.81,0.0,0.0,17.9,16.8,19.5
8,3.6,8.0,0.84,1.0223,0.51,0.0,0.0,16.6,15.5,17.8
8,3.0,6.0,0.86,1.0208,0.67,0.0,0.0,17.1,15.3,18.8
5,2.2,6.0,0.88,1.0205,1.31,0.0,3.8,17.1,13.7,21.2
0,3.3,10.0,0.77,1.0176,2.34,0.0,11.3,19.3,10.7,25.8
2,2.7,8.0,0.75,1.0122,1.91,0.04,7.8,21.2,13.5,28.5
5,4.4,13.0,0.78,1.0157,1.65,0.0,7.0,17.0,14.0,20.2
7,6.5,18.0,0.78,1.0084,1.12,0.23,1.5,17.1,11.8,22.9
4,6.4,13.0,0.83,1.0064,0.96,0.0,1.8,13.3,11.2,16.8
6,6.4,13.0,0.72,1.0059,1.53,0.0,5.7,14.8,11.2,18.5
8,5.0,13.0,0.8,1.0019,0.65,0.09,0.3,16.9,13.7,19.6
5,8.0,17.0,0.7,1.0029,1.32,0.0,4.3,17.5,14.8,20.0
7,8.0,16.0,0.79,1.008,1.07,0.09,2.8,15.6,13.6,18.0
5,4.7,11.0,0.76,1.0158,1.83,0.08,8.4,15.5,12.0,20.1
4,3.6,8.0,0.67,1.0147,2.12,0.0,10.5,18.9,11.6,25.0
4,3.3,11.0,0.79,1.015,1.48,0.0,7.4,19.2,16.2,24.2
3,2.9,9.0,0.77,1.0103,1.73,0.0,7.2,20.6,15.5,27.3
7,2.8,9.0,0.96,1.012,0.22,1.65,0.7,13.8,10.5,16.2
6,3.2,8.0,0.92,1.0178,0.33,0.14,0.0,11.6,6.4,14.0
2,4.6,10.0,0.74,1.0235,1.98,0.0,11.0,10.9,6.0,16.4
6,3.3,9.0,0.8,1.0243,1.32,0.0,5.3,11.0,7.9,15.3
7,2.5,8.0,0.83,1.0238,1.11,0.0,1.2,11.2,5.6,15.3
5,2.5,8.0,0.77,1.023,1.28,0.0,4.8,11.5,7.5,14.9
4,4.0,11.0,0.71,1.0233,1.56,0.0,6.6,9.2,5.2,14.2
1,3.5,8.0,0.73,1.0262,1.62,0.0,8.7,9.9,4.0,16.5
1,3.0,8.0,0.77,1.0304,1.7,0.0,10.8,10.4,3.7,16.8
7,2.7,7.0,0.8,1.0257,1.31,0.0,3.4,11.6,5.3,16.4
7,3.0,8.0,0.84,1.0214,1.13,0.0,3.6,12.0,8.8,15.9
8,2.1,6.0,0.93,1.019,0.35,1.15,0.0,11.7,10.1,13.6
7,3.7,7.0,0.9,1.023,0.66,0.0,1.3,12.7,10.1,16.2
3,3.9,9.0,0.85,1.0305,1.36,0.0,7.1,11.4,6.9,17.1
0,3.8,10.0,0.79,1.0344,1.59,0.0,10.2,11.3,5.3,17.7
0,2.2,6.0,0.78,1.0306,1.7,0.0,10.6,11.5,5.0,18.2
0,2.2,6.0,0.79,1.0245,1.59,0.0,10.5,11.6,5.7,18.4
5,3.3,7.0,0.88,1.0174,0.54,0.0,0.5,9.8,6.9,13.0
8,7.3,13.0,0.92,1.0067,0.24,1.89,0.0,11.0,7.3,12.4
7,8.0,20.0,0.86,0.9998,0.67,1.51,2.5,12.1,8.1,15.6
6,6.8,14.0,0.81,1.0034,1.06,0.05,5.7,9.4,6.1,13.3
6,4.3,9.0,0.89,1.008,0.7,0.13,3.0,7.2,4.4,10.8
5,6.1,16.0,0.75,1.0153,1.28,0.06,7.7,8.6,4.8,11.5
8,10.2,18.0,0.88,1.0043,0.25,1.54,0.0,11.0,9.4,14.3
8,3.6,10.0,0.91,1.013,0.82,0.93,1.7,13.1,11.3,14.5
7,4.3,10.0,0.86,1.013,0.66,0.0,2.9,15.4,12.0,18.3
7,2.8,7.0,0.9,1.018,0.52,0.25,0.6,13.1,8.9,16.0
4,1.3,4.0,0.89,1.0317,1.05,0.0,4.5,9.5,5.2,15.8
1,2.8,6.0,0.88,1.0326,1.29,0.0,8.5,10.8,4.0,17.5
0,2.5,6.0,0.9,1.0287,1.21,0.0,8.9,13.2,7.7,19.7
3,1.9,6.0,0.91,1.0258,1.3,0.0,9.4,13.3,6.8,21.2
4,4.2,10.0,0.84,1.0193,0.96,0.06,4.5,16.0,10.2,22.0
7,2.8,6.0,0.85,1.0207,0.78,0.0,3.7,14.3,12.2,17.8
8,6.3,15.0,0.88,1.0148,0.3,0.1,0.5,13.7,11.8,15.3
6,3.9,9.0,0.88,1.0132,0.42,0.48,2.4,9.9,5.8,12.7
3,3.4,8.0,0.85,1.0199,0.93,0.0,7.0,7.7,3.9,12.9
2,3.9,8.0,0.85,1.0205,0.91,0.0,5.9,8.0,3.5,13.4
3,4.7,10.0,0.82,1.0216,0.87,0.0,5.8,9.3,6.0,14.7
2,7.7,16.0,0.76,1.0129,1.11,0.0,9.2,13.6,6.9,19.4
8,4.1,13.0,0.89,1.0121,0.38,0.54,0.1,10.6,5.7,16.4
5,3.5,6.0,0.86,1.0234,0.57,0.0,2.3,7.6,5.5,11.5
1,5.1,10.0,0.81,1.027,1.09,0.0,8.8,8.3,4.7,13.3
7,4.8,9.0,0.83,1.025,0.28,0.07,0.0,9.3,6.4,11.6
6,3.3,10.0,0.94,1.0304,0.3,0.03,0.0,10.0,8.0,12.2
6,7.6,17.0,0.84,1.0181,0.32,0.71,0.6,11.6,9.1,14.5
7,2.8,9.0,0.92,1.0088,0.43,0.52,2.2,8.6,4.1,11.3
2,3.1,9.0,0.86,1.0101,0.88,0.0,7.7,4.7,1.1,10.1
4,1.7,4.0,0.87,1.0073,0.74,0.0,5.9,3.9,-0.4,8.7
7,2.3,8.0,0.92,0.9988,0.26,0.11,0.2,3.5,0.8,5.9
8,3.0,7.0,0.95,1.0048,0.29,0.05,0.0,4.8,2.2,6.9
8,4.2,9.0,0.95,1.0067,0.09,0.64,0.0,7.5,5.2,11.0
7,3.0,7.0,0.88,1.0147,0.5,0.0,1.3,9.4,6.4,12.6
6,2.8,7.0,0.96,1.0133,0.34,0.0,1.2,8.4,4.9,12.2
6,2.8,9.0,0.96,1.0181,0.46,0.0,2.8,8.1,3.9,12.8
8,3.1,10.0,0.95,1.014,0.27,0.0,0.3,8.8,6.5,10.5
7,2.0,6.0,0.9,1.0149,0.59,0.0,4.5,10.2,6.8,15.3
5,4.1,10.0,0.87,1.0139,0.43,0.01,3.2,9.6,5.9,12.5
2,5.4,13.0,0.81,1.0179,0.76,0.0,7.1,9.2,6.2,12.1
7,7.5,18.0,0.78,1.0151,0.46,0.51,2.6,10.3,8.3,11.6
8,11.2,21.0,0.81,1.0112,0.29,0.31,1.0,13.4,10.6,15.4
5,9.5,24.0,0.81,1.0096,0.45,0.61,2.8,10.2,7.3,15.4
7,5.5,12.0,0.86,1.0175,0.41,0.0,3.0,7.9,6.2,10.3
5,3.8,7.0,0.92,1.025,0.48,0.01,3.2,6.9,4.6,10.5
8,6.4,11.0,0.87,1.0262,0.14,0.0,0.0,7.8,4.3,9.4
8,5.0,10.0,0.94,1.0272,0.09,0.06,0.0,10.1,8.8,10.9
6,2.8,8.0,0.95,1.0287,0.13,0.25,0.0,9.0,3.6,11.5
8,2.5,7.0,0.86,1.03,0.37,0.0,0.8,4.2,1.1,7.4
8,4.6,10.0,0.9,1.0153,0.22,0.05,0.5,6.8,3.8,9.2
7,4.8,11.0,0.94,1.0186,0.33,0.0,2.3,7.7,5.2,9.2
8,5.8,13.0,0.87,1.0128,0.09,0.1,0.4,9.3,8.3,11.0
7,6.3,21.0,0.81,1.0062,0.39,0.6,3.6,5.2,0.3,8.9
7,3.3,10.0,0.98,1.009,0.24,0.21,1.3,0.2,-1.2,1.8
8,5.9,14.0,0.95,0.9994,0.14,0.59,0.5,0.3,-1.0,2.3
7,4.5,9.0,0.97,0.9955,0.1,0.34,0.0,0.6,-3.8,4.0
6,2.9,7.0,0.95,1.0144,0.38,0.0,2.5,1.2,-1.5,4.7
8,4.7,9.0,0.97,1.0257,0.3,0.01,1.0,2.8,-0.8,5.1
8,7.5,14.0,0.85,1.018,0.16,0.03,0.0,4.2,3.2,5.7
8,4.0,12.0,0.81,1.0034,0.23,0.0,0.2,3.3,2.0,5.0
7,3.0,7.0,0.86,0.9955,0.25,0.0,0.0,1.6,-0.8,4.3
8,3.3,10.0,0.92,0.9936,0.17,0.54,0.0,2.9,-1.0,5.7
7,1.8,6.0,0.9,0.9993,0.33,0.03,2.5,4.4,1.4,6.5
7,5.4,15.0,0.95,1.0049,0.09,0.75,0.2,2.9,1.2,4.4
7,3.8,11.0,0.98,0.9995,0.19,0.85,1.0,0.5,-0.5,2.7
8,6.4,18.0,0.92,0.9914,0.08,0.18,0.0,2.6,-0.6,6.0
8,4.5,10.0,0.93,0.989,0.11,0.72,0.0,5.7,4.4,7.1
8,2.8,8.0,0.96,1.0084,0.11,0.12,0.0,5.0,4.3,6.2
4,2.3,6.0,0.94,1.0263,0.45,0.01,5.3,3.9,0.5,7.0
3,3.0,8.0,0.92,1.0245,0.42,0.0,6.0,0.9,-1.6,4.9
8,4.0,10.0,0.96,1.015,0.08,0.16,0.0,0.9,-1.6,2.5
8,2.8,6.0,0.96,1.0138,0.13,0.01,0.0,2.1,1.2,2.9
6,4.3,8.0,0.9,1.0121,0.31,0.0,2.7,1.9,0.1,4.7
1,4.5,8.0,0.88,1.0173,0.44,0.0,6.1,0.4,-1.6,3.3
1,4.0,9.0,0.83,1.004,0.43,0.0,5.7,-1.1,-4.4,1.9
5,5.0,10.0,0.82,1.001,0.28,0.0,2.2,3.1,1.1,5.0
7,4.1,8.0,0.99,1.0146,0.09,0.0,0.0,0.7,-1.4,1.9
8,2.5,6.0,0.97,1.0157,0.07,0.0,0.0,0.9,-1.3,1.9
8,3.8,7.0,0.99,1.0141,0.04,0.28,0.0,0.8,-1.4,3.4
8,5.1,10.0,0.99,1.0196,0.14,0.08,0.5,3.8,1.3,6.5
6,4.5,12.0,0.88,1.023,0.29,0.2,3.4,5.8,1.9,7.9
8,5.4,13.0,0.97,1.0241,0.04,0.84,0.0,8.1,5.6,10.2
8,5.3,11.0,0.92,1.0308,0.11,0.15,0.0,8.6,6.7,9.4
7,3.4,11.0,0.96,1.0331,0.08,0.18,0.0,8.1,4.9,9.7
8,1.7,4.0,1.0,1.0363,0.18,0.0,0.0,5.2,3.1,6.7
8,2.4,7.0,0.97,1.0329,0.05,0.0,0.0,5.5,4.4,6.3
5,4.8,11.0,0.92,1.0335,0.15,0.0,0.0,3.2,-0.3,5.2
0,6.1,12.0,0.78,1.0371,0.48,0.0,6.5,-1.1,-2.8,1.4
0,6.0,11.0,0.82,1.0351,0.47,0.0,7.0,-2.7,-4.2,-0.6
0,5.0,10.0,0.83,1.0304,0.46,0.0,6.7,-3.2,-5.3,-0.5
0,3.5,8.0,0.81,1.0304,0.58,0.0,7.0,-3.2,-6.6,0.4
0,1.8,5.0,0.87,1.0305,0.59,0.0,7.0,-4.0,-7.2,0.2
5,1.2,4.0,0.93,1.027,0.2,0.0,1.5,-2.7,-6.0,1.0
8,1.4,4.0,0.98,1.0299,0.11,0.0,0.0,-3.8,-6.6,-2.0
7,2.8,8.0,0.94,1.0288,0.08,0.0,0.0,-1.2,-3.8,0.1
3,2.2,7.0,0.9,1.0282,0.61,0.0,7.0,-3.5,-8.1,0.3
8,4.5,9.0,0.81,1.0208,0.11,0.02,0.0,-0.8,-1.9,0.1
6,5.1,11.0,0.95,1.0197,0.14,0.72,0.5,-2.9,-9.3,-0.9
1,2.8,6.0,0.9,1.0252,0.64,0.0,7.0,-12.1,-16.1,-7.8
8,3.5,7.0,0.91,1.0246,0.14,0.0,0.0,-7.8,-16.2,-2.8
6,2.5,6.0,0.98,1.0303,0.28,0.0,1.5,-5.6,-10.9,-2.2
2,1.6,6.0,0.97,1.0301,0.46,0.0,6.9,-10.6,-15.5,-4.5
0,2.4,6.0,0.82,1.0293,0.57,0.0,7.2,-8.1,-13.2,-1.8
0,5.9,11.0,0.59,1.0298,0.62,0.0,7.0,-0.6,-6.8,4.2
6,8.9,16.0,0.57,1.0205,0.39,0.0,3.9,3.7,0.7,5.9
8,6.0,12.0,0.82,1.0136,0.11,0.28,0.0,5.0,3.0,6.7
8,3.2,7.0,0.98,1.016,0.06,0.01,0.0,2.9,2.0,3.7
2,2.5,6.0,0.8,1.0203,0.58,0.0,7.1,1.8,-0.9,5.6
7,3.3,9.0,0.84,1.0198,0.34,0.0,2.2,1.6,-3.3,4.6
6,6.8,14.0,0.89,1.0153,0.34,0.07,3.4,5.4,2.9,8.3
6,8.5,20.0,0.86,1.001,0.11,0.53,0.5,5.2,2.2,8.1
7,8.3,19.0,0.8,0.9905,0.23,0.12,1.6,6.3,2.2,10.8
5,6.1,15.0,0.8,0.9965,0.58,0.06,5.6,3.7,1.6,6.6
7,4.1,9.0,0.84,1.0063,0.32,0.0,3.6,3.2,0.3,5.6
8,7.8,17.0,0.8,0.9965,0.27,0.17,0.7,3.9,1.5,5.8
8,6.9,18.0,0.9,0.9757,0.12,1.4,0.0,5.2,2.6,8.3
6,4.2,11.0,0.92,0.9905,0.4,0.0,3.7,2.5,0.0,4.7
2,4.5,10.0,0.8,0.9973,0.63,0.0,7.0,1.9,-0.4,5.9
2,2.1,6.0,0.86,1.0022,0.53,0.0,6.0,0.2,-2.6,5.2
5,1.8,5.0,0.95,1.0143,0.55,0.0,4.9,-1.8,-5.5,3.1
0,2.3,6.0,0.82,1.0188,0.84,0.0,8.0,-0.8,-6.4,4.8
0,2.9,7.0,0.85,1.0211,0.79,0.0,8.0,-1.0,-4.1,2.6
0,4.7,10.0,0.79,1.0213,0.79,0.0,8.0,-0.3,-3.4,3.2
0,6.3,14.0,0.74,1.0175,0.81,0.0,8.0,-1.0,-2.9,1.3
7,6.5,13.0,0.79,1.0097,0.42,0.0,4.6,-1.3,-2.7,-0.3
7,6.1,15.0,0.79,0.9988,0.18,0.02,4.6,1.3,-2.0,3.9
8,2.1,6.0,0.79,1.0,0.15,0.22,4.6,1.8,-0.3,4.9
8,1.7,6.0,0.79,0.9977,0.18,0.02,4.6,0.3,-0.6,1.5
6,4.4,11.0,0.79,0.9934,0.31,0.13,4.6,4.6,-0.5,8.9
5,3.4,10.0,0.79,0.9912,0.69,0.0,4.6,5.8,2.2,10.3
6,2.4,6.0,0.79,0.9921,0.08,0.0,4.6,2.1,-1.2,3.5
7,3.8,10.0,0.79,1.0039,0.31,0.0,4.6,1.5,-1.8,3.2
8,6.4,14.0,0.79,1.0009,0.21,1.25,4.6,3.0,1.1,7.1
8,6.8,19.0,0.79,0.9919,0.06,1.48,4.6,4.7,0.8,9.2
7,3.4,8.0,0.79,1.0143,0.49,0.23,4.6,1.8,-0.1,5.0
7,2.8,8.0,0.79,1.0203,0.6,0.0,4.6,0.9,-0.8,4.3
8,2.8,8.0,0.79,1.0205,0.39,0.02,4.6,0.9,-1.0,3.1
4,2.8,10.0,0.79,1.0273,1.04,0.0,4.6,-0.1,-3.0,2.9
5,5.1,11.0,0.79,1.0277,0.6,0.39,4.6,-0.6,-4.2,2.7
8,3.0,8.0,0.79,1.022,0.23,0.57,4.6,4.8,1.0,7.0
7,4.1,9.0,0.79,1.0208,0.14,0.77,4.6,4.3,-0.7,6.5
5,2.6,6.0,0.79,1.0268,0.79,0.0,4.6,-0.5,-2.8,2.6
8,3.7,9.0,0.79,1.0274,0.48,0.1,4.6,0.5,-3.5,3.1
8,3.1,7.0,0.79,1.0289,0.13,0.13,4.6,4.5,2.3,5.6
8,2.8,9.0,0.79,1.0309,0.63,0.01,4.6,4.7,3.0,6.4
8,3.5,8.0,0.79,1.0234,0.18,0.12,4.6,5.6,4.7,6.8
8,3.2,8.0,0.79,1.0207,0.16,0.12,4.6,5.1,4.3,6.2
8,1.6,5.0,0.79,1.0268,0.28,0.0,4.6,4.1,3.1,5.0
7,4.0,11.0,0.79,1.0286,0.81,0.0,4.6,4.3,0.2,7.2
8,4.2,9.0,0.79,1.0215,0.42,0.06,4.6,6.8,5.3,8.3
8,5.0,11.0,0.79,1.0193,0.18,0.14,4.6,6.6,5.1,7.5
6,3.5,9.0,0.79,1.0154,0.76,0.0,4.6,7.3,4.1,10.6
6,3.4,10.0,0.84,1.0088,1.05,0.02,6.1,8.5,1.9,13.6
6,2.7,7.0,0.83,1.0147,0.64,0.01,1.9,6.5,1.4,9.1
3,5.8,13.0,0.72,1.0108,1.17,0.0,8.3,5.6,0.6,10.6
8,5.8,15.0,0.75,0.9891,0.47,0.33,0.6,6.1,4.3,8.5
8,3.6,10.0,0.88,0.9905,0.39,0.18,0.0,4.3,2.8,6.3
6,5.1,12.0,0.85,1.0017,0.27,0.41,1.0,4.0,0.7,6.7
7,4.9,12.0,0.83,1.0119,0.87,0.0,2.9,4.8,-1.9,9.6
6,7.4,18.0,0.77,1.0051,0.76,0.6,4.1,7.6,4.4,11.1
7,5.7,12.0,0.79,1.0103,0.65,0.17,2.4,4.6,0.7,8.2
8,6.5,15.0,0.88,1.0099,0.23,0.59,0.0,5.4,4.2,8.2
7,3.0,8.0,0.76,1.0226,0.7,0.0,1.9,5.6,2.6,9.3
8,5.6,11.0,0.89,1.0207,0.12,0.27,0.0,7.2,4.6,9.6
6,2.3,6.0,0.8,1.021,1.17,0.0,5.4,8.5,5.5,11.7
8,4.3,12.0,0.83,1.0175,0.87,0.03,2.2,9.3,6.8,14.8
8,3.8,10.0,0.74,1.0282,0.77,0.0,1.5,8.6,6.5,11.6
6,1.6,5.0,0.83,1.0334,0.49,0.0,0.5,6.9,3.4,9.4
4,3.0,8.0,0.82,1.0345,1.2,0.0,6.3,6.4,1.4,12.9
3,2.8,6.0,0.66,1.0324,1.6,0.0,9.7,5.1,-1.7,11.5
4,3.5,10.0,0.63,1.0278,1.59,0.0,7.5,5.6,1.2,10.9
0,2.8,9.0,0.6,1.0316,1.95,0.0,10.9,4.0,-2.1,9.2
0,1.8,5.0,0.57,1.029,1.9,0.0,10.7,5.1,-2.0,11.9
6,3.7,10.0,0.72,1.0269,1.22,0.0,4.5,6.6,-0.8,12.0
7,5.6,17.0,0.83,1.0125,0.42,0.81,0.1,6.6,2.9,10.2
7,4.5,15.0,0.8,1.0104,0.94,0.35,3.9,3.9,0.5,7.6
7,6.1,15.0,0.86,1.0021,0.69,1.04,2.8,4.8,1.9,8.8
8,7.4,15.0,0.89,1.0037,0.37,0.74,0.0,6.5,2.7,8.5
7,6.3,15.0,0.77,0.9994,1.24,0.22,4.6,6.7,4.6,10.1
8,6.2,13.0,0.82,0.997,0.99,0.13,3.0,6.3,5.1,10.3
6,3.4,10.0,0.77,1.0109,1.28,0.11,3.5,5.7,1.5,10.0
1,2.0,6.0,0.65,1.0215,2.2,0.0,10.8,5.3,-1.4,11.8
0,2.8,8.0,0.63,1.0232,2.18,0.0,11.7,7.1,0.5,13.2
0,5.8,13.0,0.62,1.0196,2.18,0.0,11.8,9.4,1.1,15.5
0,4.7,11.0,0.68,1.0169,2.15,0.0,11.8,11.6,5.2,18.6
2,2.1,9.0,0.69,1.0156,2.09,0.06,11.4,14.8,6.3,22.0
6,2.6,7.0,0.81,1.0198,1.48,0.0,5.6,12.0,8.7,15.8
5,2.0,8.0,0.8,1.0224,1.15,0.0,4.3,10.6,7.8,15.2
3,2.8,7.0,0.68,1.0127,1.44,0.0,4.6,13.6,5.2,20.6
6,3.7,10.0,0.78,1.0102,0.87,0.07,3.3,11.8,9.1,15.4
5,7.2,17.0,0.8,1.0127,1.11,0.18,3.7,10.7,8.1,13.3
6,3.8,8.0,0.78,1.0139,1.35,0.0,3.9,14.2,10.6,19.2
5,3.3,9.0,0.52,1.0072,2.06,0.0,7.7,18.4,12.4,24.6
5,2.8,9.0,0.59,1.0087,1.73,0.02,6.6,16.5,11.0,21.2
5,1.7,5.0,0.81,1.0104,1.27,0.0,1.5,13.6,8.2,18.6
6,2.1,5.0,0.83,1.0101,1.23,0.0,2.3,12.3,8.3,18.1
1,3.2,8.0,0.78,1.0091,2.06,0.0,9.9,14.3,7.6,20.5
3,3.2,18.0,0.66,1.0074,1.78,0.91,6.2,15.7,9.2,23.3
6,3.5,9.0,0.79,1.0066,1.19,0.29,1.1,13.1,8.9,17.5
8,2.8,8.0,0.98,1.0067,0.11,2.32,0.0,9.9,9.4,10.5
6,3.2,9.0,0.87,1.0139,1.44,0.2,3.2,10.2,7.5,14.9
2,3.1,9.0,0.77,1.0214,2.27,0.0,10.5,11.7,6.4,17.0
1,2.8,8.0,0.74,1.0236,2.27,0.0,10.1,12.8,5.2,18.7
0,2.8,7.0,0.65,1.0238,2.64,0.0,12.8,13.3,5.6,19.6
2,2.9,9.0,0.7,1.0245,2.19,0.0,8.2,9.8,4.4,15.9
3,2.1,8.0,0.75,1.0244,1.98,0.0,7.4,8.9,2.0,14.1
0,4.4,12.0,0.62,1.0183,2.75,0.0,12.9,11.9,4.1,18.0
4,4.5,14.0,0.69,1.0112,1.87,0.06,6.5,13.2,8.6,17.9
7,2.7,8.0,0.8,1.0078,1.88,0.64,4.2,14.2,10.7,19.1
7,5.9,15.0,0.69,1.0024,2.08,0.12,7.0,12.3,9.0,15.6
6,3.0,8.0,0.78,1.0032,0.84,0.16,1.9,9.6,6.3,12.7
3,2.2,6.0,0.75,1.0105,2.22,0.0,7.1,10.5,2.8,17.0
3,2.3,7.0,0.7,1.0182,2.61,0.0,9.4,12.6,5.7,18.3
1,1.7,5.0,0.72,1.0233,2.56,0.0,11.5,15.0,7.6,21.3
2,2.8,7.0,0.73,1.0278,2.81,0.0,10.5,13.6,7.5,18.8
7,3.3,9.0,0.75,1.0252,1.4,0.0,2.8,11.2,5.8,14.7
5,2.0,7.0,0.67,1.0259,1.92,0.0,7.9,9.2,2.6,14.5
8,5.2,13.0,0.87,1.0208,0.46,0.17,0.0,10.7,7.3,13.6
7,5.5,13.0,0.79,1.018,0.56,0.0,0.1,12.1,9.7,14.9
4,4.3,10.0,0.73,1.0157,2.54,0.0,9.9,14.8,9.2,20.2
5,4.9,15.0,0.75,1.0146,1.43,0.33,4.3,12.0,5.5,16.8
5,2.2,5.0,0.7,1.018,1.86,0.01,3.6,11.4,3.6,17.3
3,3.2,9.0,0.69,1.0181,2.82,0.0,10.4,15.1,6.8,20.9
7,5.0,11.0,0.87,1.018,0.91,0.68,1.1,12.5,9.3,14.7
6,6.7,13.0,0.84,1.0186,0.97,0.3,2.0,11.2,7.3,14.0
7,3.9,9.0,0.77,1.0148,2.31,0.0,5.4,15.3,8.8,20.7
7,2.8,8.0,0.84,1.007,1.42,0.39,2.5,15.9,12.1,20.7
7,4.1,12.0,0.88,1.0064,0.98,0.23,0.7,13.7,8.3,18.0
5,5.0,13.0,0.75,1.0127,2.27,0.14,8.4,13.0,7.5,19.0
8,4.8,13.0,0.79,1.0132,1.53,0.52,1.9,13.7,11.4,18.2
3,4.9,12.0,0.67,1.0186,2.56,0.0,10.8,14.2,9.5,19.1
5,3.0,10.0,0.64,1.0206,2.71,0.0,9.7,16.2,8.4,22.7
3,1.7,5.0,0.64,1.0199,2.77,0.0,11.1,16.7,10.4,22.1
4,2.7,9.0,0.67,1.0138,2.32,0.0,5.2,16.1,11.0,22.7
3,3.1,11.0,0.62,1.017,3.01,0.0,12.4,14.4,8.6,19.5
3,3.0,9.0,0.6,1.0186,2.95,0.02,11.0,16.8,7.4,23.2
1,2.5,7.0,0.62,1.0185,3.09,0.0,13.1,19.5,12.1,26.1
2,3.5,12.0,0.67,1.0144,2.22,0.0,9.4,20.4,12.5,27.6
6,6.1,21.0,0.78,1.0135,1.66,0.39,5.9,15.8,8.9,23.4
6,5.9,14.0,0.79,1.0249,1.54,0.07,4.0,11.7,8.3,15.5
6,4.2,10.0,0.81,1.0282,1.34,0.0,3.5,14.8,11.1,19.7
0,4.2,10.0,0.57,1.0307,3.46,0.0,14.8,15.1,7.8,20.7
1,5.3,12.0,0.57,1.0252,3.31,0.0,14.6,16.3,8.8,22.6
4,3.8,10.0,0.66,1.0225,2.64,0.0,8.9,17.4,10.2,23.1
2,4.5,16.0,0.63,1.0211,2.98,0.25,11.0,19.0,12.0,26.3
1,3.8,11.0,0.62,1.0207,3.27,0.0,12.5,16.7,10.0,24.1
5,4.0,9.0,0.65,1.0188,2.55,0.0,7.9,13.3,8.4,18.1
7,3.0,8.0,0.64,1.0162,1.48,0.0,1.8,10.5,6.9,13.7
6,2.1,5.0,0.69,1.0104,1.62,0.0,3.2,10.4,5.7,15.0
6,4.2,9.0,0.8,1.0017,1.37,0.03,1.3,9.6,5.0,15.0
7,3.3,14.0,0.82,1.003,1.33,0.36,3.2,11.9,7.4,16.0
6,3.9,10.0,0.7,1.0073,2.4,0.03,6.8,14.2,8.7,19.3
7,7.1,15.0,0.72,1.0065,2.11,0.09,5.8,16.4,12.9,21.1
8,3.9,10.0,0.82,1.0113,1.46,1.45,1.1,14.5,12.0,18.6
7,3.6,12.0,0.92,1.0144,0.79,2.07,3.2,12.2,9.3,15.1
2,3.5,9.0,0.67,1.0212,3.04,0.0,13.7,14.0,8.5,19.4
3,1.5,7.0,0.64,1.0214,3.13,0.0,12.0,16.4,6.8,23.0
6,2.5,8.0,0.82,1.0181,1.45,0.26,4.9,17.3,13.7,21.2
6,2.3,10.0,0.91,1.0167,0.97,0.13,2.3,14.1,10.3,17.4
6,3.5,10.0,0.79,1.022,1.78,0.09,4.8,14.8,10.7,19.4
2,2.8,8.0,0.66,1.0204,3.23,0.0,12.9,18.0,8.5,24.9
6,3.5,10.0,0.68,1.0171,2.77,0.0,8.7,18.5,14.0,23.5
5,3.8,10.0,0.65,1.0194,2.35,0.0,7.7,14.8,9.8,19.7
7,3.4,10.0,0.71,1.0219,1.87,0.03,3.5,13.9,9.6,19.1
7,3.4,10.0,0.79,1.0223,1.91,0.65,5.2,13.2,8.9,18.7
4,2.8,8.0,0.74,1.0267,1.72,0.0,5.4,13.3,8.1,17.8
2,4.7,11.0,0.71,1.0261,2.9,0.0,10.6,16.4,9.0,22.1
0,5.6,14.0,0.57,1.0189,3.5,0.0,15.2,18.7,11.5,24.9
1,4.1,9.0,0.67,1.0123,3.15,0.0,13.5,20.5,12.7,26.4
5,3.2,12.0,0.75,1.0108,2.77,0.0,7.2,20.4,14.1,27.0
7,2.4,8.0,0.87,1.0144,1.52,0.19,2.1,18.9,15.4,25.6
5,1.4,4.0,0.86,1.0158,1.59,0.0,5.6,19.5,14.8,25.5
3,1.7,7.0,0.72,1.018,2.34,0.0,7.2,22.0,15.7,27.5
3,2.2,6.0,0.72,1.0202,2.42,0.0,7.3,22.4,15.8,28.5
1,2.7,7.0,0.72,1.021,3.04,0.0,11.5,22.5,16.6,28.6
1,2.9,8.0,0.66,1.0169,3.07,0.0,12.6,24.4,16.8,30.4
4,3.3,11.0,0.7,1.0132,2.75,0.02,10.4,22.7,17.6,27.7
4,2.3,6.0,0.66,1.0133,2.74,0.0,9.7,20.7,13.7,26.7
5,2.1,10.0,0.73,1.0105,2.37,0.73,6.6,20.9,14.4,28.1
6,3.0,11.0,0.77,1.0085,2.25,0.47,8.2,18.4,14.9,22.9
6,6.3,15.0,0.72,1.0059,2.26,0.42,7.2,16.8,14.0,21.2
8,4.3,10.0,0.91,1.0098,1.06,1.26,0.8,14.5,12.3,16.8
7,3.2,13.0,0.83,1.0143,1.84,0.91,5.6,14.0,11.3,19.8
8,4.0,11.0,0.84,1.0149,0.79,0.01,0.7,13.5,10.8,15.5
8,4.7,11.0,0.82,1.0152,1.08,0.02,1.4,15.6,12.3,19.6
5,4.2,13.0,0.79,1.0103,1.43,0.35,4.0,18.0,13.5,23.0
5,3.0,8.0,0.69,1.0116,2.7,0.0,8.6,18.3,11.0,24.1
4,4.1,10.0,0.76,1.0114,2.59,0.12,8.9,20.3,16.0,26.1
3,5.1,13.0,0.64,1.0171,2.92,0.0,13.1,20.5,15.4,25.1
3,2.1,6.0,0.61,1.0191,3.0,0.0,11.2,21.2,13.6,26.6
5,6.2,15.0,0.67,1.0087,2.51,0.6,8.8,19.2,14.4,22.2
6,5.1,13.0,0.7,1.0106,1.4,0.11,5.1,16.3,13.6,21.0
8,5.1,14.0,0.79,1.0137,1.93,0.79,5.7,16.1,13.3,20.7
8,4.6,12.0,0.7,1.0162,2.12,0.0,6.1,17.4,14.0,21.5
6,3.2,10.0,0.71,1.0102,2.24,0.01,5.0,21.3,15.3,29.1
6,5.7,17.0,0.73,1.0051,2.3,1.82,6.0,22.3,16.5,27.6
8,2.6,7.0,0.9,1.0057,1.15,0.88,2.6,17.5,15.6,20.8
6,5.5,14.0,0.77,1.0136,2.42,0.89,7.1,16.8,12.6,22.4
6,4.3,11.0,0.77,1.0216,2.11,0.02,7.3,16.3,12.2,21.1
3,3.4,8.0,0.67,1.0199,2.57,0.0,9.2,18.8,10.7,24.4
3,4.8,15.0,0.66,1.0131,2.06,0.03,7.9,19.2,12.4,27.2
2,4.0,10.0,0.68,1.0201,2.59,0.0,9.6,17.5,11.9,23.0
6,3.9,10.0,0.61,1.0149,2.17,0.42,5.0,21.3,15.7,26.2
4,5.6,14.0,0.64,1.0196,2.31,0.0,8.4,17.1,9.9,21.7
4,2.3,7.0,0.65,1.0221,2.38,0.0,7.6,16.1,9.0,22.0
6,2.5,6.0,0.6,1.0118,2.2,0.0,5.9,20.6,12.7,26.3
8,2.7,7.0,0.89,1.0117,0.8,1.0,1.3,16.6,14.8,19.9
4,2.1,8.0,0.72,1.0174,2.74,0.0,9.6,16.5,11.6,21.6
1,2.3,5.0,0.59,1.0206,2.99,0.0,13.0,18.5,9.5,25.1
2,2.2,8.0,0.51,1.0199,2.88,0.0,12.6,21.7,13.1,27.6
1,2.6,8.0,0.53,1.018,2.78,0.0,12.5,23.7,16.2,29.6
5,2.3,8.0,0.69,1.0169,2.22,0.05,5.8,22.6,16.7,29.0
6,2.7,6.0,0.82,1.0197,1.08,0.0,3.0,18.1,14.7,21.7
5,1.8,5.0,0.78,1.0182,1.98,0.0,5.1,18.4,13.8,23.3
6,1.8,9.0,0.75,1.0162,2.01,0.0,6.0,19.1,13.8,24.7
6,3.2,8.0,0.83,1.0187,1.05,0.05,2.1,18.3,12.8,22.6
7,4.1,12.0,0.86,1.0185,1.11,1.59,0.5,18.0,12.6,23.5
7,2.1,5.0,0.89,1.0174,1.0,0.19,2.7,17.0,14.8,19.9
3,1.7,6.0,0.73,1.0189,2.62,0.0,10.1,16.9,11.2,22.4
0,4.0,9.0,0.61,1.0158,2.76,0.0,13.1,21.0,11.5,28.2
3,2.5,6.0,0.8,1.0156,1.92,0.0,7.0,18.8,15.5,24.2
1,3.1,8.0,0.8,1.0157,2.38,0.0,9.7,17.8,13.0,22.4
0,2.3,5.0,0.67,1.0203,2.63,0.0,12.1,19.2,11.1,25.8
0,2.3,6.0,0.56,1.0185,2.64,0.0,12.2,24.2,15.3,31.1
5,4.9,13.0,0.56,1.0154,2.05,0.18,6.7,26.3,17.2,36.0
5,3.4,9.0,0.67,1.0213,2.12,0.0,8.1,17.8,13.3,22.6
2,2.3,7.0,0.67,1.0241,2.23,0.0,8.3,16.6,9.9,22.7
0,3.3,8.0,0.53,1.0191,2.61,0.0,12.6,20.1,12.8,26.6
3,3.2,9.0,0.57,1.0088,2.34,0.02,9.7,21.6,12.3,29.9
6,2.4,9.0,0.84,1.0113,1.1,0.57,2.0,17.7,12.7,22.0
2,3.9,11.0,0.66,1.015,2.29,0.0,8.4,19.0,12.5,25.3
4,4.3,12.0,0.66,1.0145,1.97,0.0,8.7,21.2,15.2,26.8
5,5.6,16.0,0.65,1.0136,1.89,0.19,8.2,17.4,14.0,20.7
4,4.0,12.0,0.65,1.0199,2.1,0.0,9.6,14.8,9.2,19.9
3,3.7,11.0,0.68,1.0207,2.01,0.0,9.2,15.1,8.6,20.9
0,3.8,8.0,0.54,1.0151,2.38,0.0,12.1,19.9,10.2,27.0
5,5.1,12.0,0.76,1.011,0.63,0.6,1.6,18.5,14.0,23.7
5,5.0,12.0,0.75,1.0122,1.5,0.03,3.6,16.4,13.1,20.8
6,8.7,18.0,0.79,1.0025,1.22,0.68,5.0,14.9,11.7,17.7
7,5.9,13.0,0.79,1.0079,0.96,0.11,3.2,13.2,11.3,15.6
5,4.6,12.0,0.74,1.0204,1.53,0.01,6.2,13.8,8.9,18.6
4,4.0,10.0,0.8,1.0242,1.31,0.0,4.1,13.7,9.5,19.2
3,3.1,8.0,0.68,1.0214,2.06,0.0,9.4,17.5,11.1,25.1
0,3.2,8.0,0.59,1.0211,2.19,0.0,11.6,20.7,12.9,29.2
4,3.3,10.0,0.77,1.0248,1.86,0.11,6.8,18.3,12.4,26.6
8,4.6,9.0,0.86,1.0311,0.41,0.04,0.2,14.6,11.8,16.9
5,5.0,11.0,0.76,1.032,1.48,0.0,5.1,14.3,9.4,19.5
6,4.2,11.0,0.77,1.0271,1.46,0.0,5.8,14.7,11.0,20.0
6,3.2,10.0,0.86,1.0224,0.96,0.06,1.5,12.9,8.9,16.9
8,5.0,13.0,0.89,1.0193,0.81,0.82,1.1,13.0,10.9,16.5
7,3.9,8.0,0.88,1.0173,1.26,0.09,4.4,14.5,9.8,19.4
8,5.8,11.0,0.87,1.0167,0.32,0.0,0.0,15.7,12.8,17.6
2,5.2,11.0,0.76,1.019,1.87,0.0,9.8,13.7,9.3,19.6
2,3.6,9.0,0.76,1.0173,1.73,0.0,9.6,16.2,8.4,22.5
4,1.6,5.0,0.82,1.0154,1.46,0.06,6.1,18.9,15.0,24.7
1,2.9,7.0,0.83,1.0201,1.26,0.0,5.2,17.2,12.1,22.9
3,1.6,5.0,0.78,1.0255,1.48,0.0,7.1,15.2,9.5,20.7
2,3.7,10.0,0.72,1.0254,1.69,0.0,8.6,16.0,8.8,22.9
7,3.6,8.0,0.89,1.0259,0.49,0.03,0.4,15.0,10.9,19.5
5,1.9,6.0,0.86,1.0245,0.75,0.38,2.6,14.7,9.9,19.2
1,1.3,4.0,0.82,1.0269,1.55,0.0,9.2,11.9,5.8,18.6
0,1.8,7.0,0.76,1.0267,1.67,0.0,10.2,12.8,5.9,19.7
0,1.4,5.0,0.77,1.0263,1.66,0.0,9.9,13.1,6.4,20.8
7,2.7,6.0,0.84,1.0245,0.8,0.0,1.0,13.2,7.2,17.7
8,3.1,9.0,0.83,1.0207,0.5,0.0,0.4,15.0,12.7,17.9
8,2.5,8.0,0.85,1.0176,0.73,0.01,1.3,15.3,12.3,19.9
7,2.8,9.0,0.86,1.0158,0.5,0.15,0.9,12.6,7.5,17.6
6,3.1,9.0,0.79,1.0179,0.67,0.0,1.0,9.7,5.2,14.7
7,8.6,17.0,0.75,1.0115,0.4,0.0,0.0,12.1,7.2,14.4
8,4.7,15.0,0.84,1.0123,0.57,0.19,0.3,12.2,7.9,14.7
8,2.4,7.0,0.92,1.0125,0.29,1.32,0.0,12.3,9.1,14.5
8,4.5,10.0,0.94,1.0115,0.48,0.65,0.1,15.6,12.3,18.5
8,4.6,12.0,0.87,1.0097,0.59,1.49,0.8,18.4,15.4,21.5
5,3.2,13.0,0.85,1.0155,1.09,0.12,6.2,12.5,6.9,17.7
3,3.9,10.0,0.8,1.0189,1.33,1.34,8.2,11.2,6.5,15.5
7,3.8,9.0,0.92,1.0133,0.46,1.25,2.1,13.2,9.6,15.7
8,4.3,12.0,0.91,1.0131,0.37,0.44,0.4,11.8,9.0,15.1
5,3.5,10.0,0.81,1.0213,0.97,0.04,5.6,10.3,7.3,14.5
4,3.0,9.0,0.76,1.0285,1.14,0.0,8.3,8.7,3.1,13.8
0,3.0,8.0,0.75,1.0314,1.31,0.0,9.6,4.0,-0.7,9.5
2,2.8,8.0,0.78,1.0297,1.36,0.0,9.6,4.1,-2.5,10.2
6,4.8,16.0,0.81,1.0242,0.7,0.27,4.1,8.3,3.0,12.9
4,3.2,18.0,0.8,1.024,1.02,0.17,5.5,7.6,3.0,12.3
6,2.8,6.0,0.88,1.0238,0.86,0.02,4.0,4.9,-0.8,11.1
7,3.6,9.0,0.68,1.0172,0.88,0.0,5.9,7.3,3.6,12.1
4,3.7,8.0,0.75,1.0061,1.07,0.0,7.7,7.3,1.3,14.6
6,4.3,10.0,0.67,1.0017,0.85,0.0,4.4,11.8,6.5,19.4
6,2.3,6.0,0.85,1.0028,0.52,0.11,1.7,10.1,6.2,14.0
6,3.1,8.0,0.89,1.012,0.59,0.01,0.8,9.8,5.1,15.0
7,5.6,12.0,0.87,1.0126,0.3,0.23,0.2,11.9,7.3,14.5
5,5.8,12.0,0.84,1.0148,0.61,0.0,3.7,12.2,9.7,15.6
8,4.9,12.0,0.83,1.0179,0.32,0.0,0.1,12.0,9.5,14.2
5,2.0,5.0,0.81,1.0224,0.52,0.0,2.2,11.0,7.4,15.3
3,2.1,6.0,0.81,1.0197,0.79,0.0,6.3,10.5,6.3,16.6
8,2.2,5.0,0.94,1.0232,0.33,0.0,0.0,11.0,6.5,14.2
3,3.4,9.0,0.87,1.0257,0.75,0.0,5.5,10.0,6.3,15.2
7,2.5,7.0,0.8,1.0237,0.73,0.01,5.2,10.4,6.4,15.1
8,5.6,13.0,0.91,1.0095,0.4,1.34,0.4,12.9,10.0,16.1
7,4.1,10.0,0.88,1.0018,0.37,0.12,0.9,9.1,4.6,12.3
5,6.3,16.0,0.86,0.9941,0.65,1.43,4.6,8.1,4.3,10.9
7,6.1,13.0,0.85,0.9883,0.33,0.08,1.3,8.2,6.5,10.5
8,7.5,15.0,0.86,0.9947,0.22,0.23,1.4,8.2,7.2,9.4
7,6.5,13.0,0.84,1.0043,0.46,0.0,1.6,8.6,5.5,11.0
7,5.3,14.0,0.89,0.9982,0.36,0.51,1.3,7.1,4.3,10.4
2,3.5,9.0,0.86,1.0067,0.82,0.0,8.3,5.8,2.6,9.4
8,4.2,10.0,0.93,1.013,0.12,0.0,0.0,6.0,4.6,6.9
8,3.1,7.0,0.93,1.0111,0.2,0.05,0.3,6.4,4.5,8.2
7,4.6,10.0,0.88,1.0096,0.25,0.0,0.3,6.0,2.1,8.7
8,5.7,12.0,0.87,1.0076,0.15,0.11,0.0,7.7,2.7,10.6
7,7.7,15.0,0.78,1.0076,0.33,0.13,0.8,13.6,10.4,16.3
6,9.0,18.0,0.73,1.0049,0.32,0.15,2.8,13.1,11.0,15.9
6,6.0,15.0,0.84,1.0108,0.11,0.17,0.2,10.2,7.9,12.2
8,4.9,15.0,0.83,1.0073,0.21,0.0,0.0,12.0,8.1,15.4
6,5.8,12.0,0.81,1.0121,0.23,0.0,0.0,10.7,8.1,12.1
4,9.8,22.0,0.77,1.0178,0.49,0.0,5.1,10.6,8.1,12.2
0,7.4,14.0,0.74,1.0197,0.77,0.0,7.7,11.0,8.4,14.8
4,6.2,12.0,0.7,1.0194,0.51,0.0,5.3,13.5,10.0,17.0
6,4.1,12.0,0.74,1.02,0.33,0.04,1.9,13.9,10.9,16.6
6,9.2,19.0,0.73,1.0095,0.43,0.78,3.3,11.6,6.6,14.4
8,11.2,23.0,0.82,1.0035,0.05,1.22,0.0,10.3,7.5,12.3
8,7.8,16.0,0.84,1.011,0.1,0.66,0.0,11.3,8.5,13.1
6,9.6,19.0,0.79,1.0064,0.13,0.23,0.5,10.5,8.0,12.6
6,9.3,18.0,0.78,1.007,0.24,0.63,1.8,8.9,7.2,10.4
7,8.5,22.0,0.81,1.0031,0.22,0.95,0.8,7.6,6.3,8.6
8,9.5,20.0,0.83,1.0004,0.15,0.65,0.4,8.3,6.7,10.0
8,8.3,20.0,0.71,0.995,0.24,0.0,1.4,9.6,7.2,11.2
6,3.2,8.0,0.81,0.9983,0.36,0.0,2.7,5.8,2.0,8.6
7,2.0,5.0,0.91,1.0097,0.17,0.0,0.0,4.2,0.6,6.0
7,5.3,12.0,0.81,1.0072,0.22,0.06,0.2,5.8,3.9,7.6
7,7.2,14.0,0.83,1.0005,0.29,0.15,0.9,8.3,3.7,10.8
6,6.8,12.0,0.87,1.0084,0.2,0.19,1.5,3.9,2.3,5.2
8,7.4,15.0,0.86,1.0071,0.11,0.81,0.0,7.1,4.0,10.2
6,7.4,15.0,0.85,1.0051,0.12,0.2,0.0,10.1,6.2,12.5
5,5.6,11.0,0.83,1.0083,0.32,0.0,2.6,7.5,5.2,10.4
7,4.6,11.0,0.91,1.0123,0.12,0.65,0.2,6.6,4.5,9.5
7,5.3,9.0,0.91,1.0223,0.16,0.29,0.0,7.3,3.1,9.5
8,4.5,11.0,0.89,1.0234,0.17,1.09,0.5,9.0,7.4,10.7
7,4.9,11.0,0.9,1.0278,0.08,0.1,0.0,6.1,2.2,7.9
8,4.7,9.0,0.89,1.0277,0.08,0.04,0.0,3.1,2.1,3.7
6,5.3,10.0,0.83,1.0245,0.27,0.02,1.1,0.5,-2.3,2.1
2,3.4,7.0,0.85,1.0221,0.54,0.0,5.8,-3.0,-6.5,0.5
3,2.6,6.0,0.82,1.0195,0.62,0.0,7.0,-3.6,-7.2,0.4
7,2.5,6.0,0.86,1.0127,0.21,0.01,0.7,-2.4,-4.1,-0.8
7,4.6,8.0,0.74,1.0076,0.17,0.0,0.0,-1.9,-4.4,-0.1
7,4.5,14.0,0.82,1.0099,0.19,0.04,1.0,-3.5,-7.4,-1.8
2,3.8,15.0,0.69,1.0102,0.45,0.0,6.5,-10.2,-13.5,-5.5
6,8.2,17.0,0.8,0.9998,0.08,0.63,0.0,-3.5,-8.1,0.2
5,5.0,11.0,0.78,0.9967,0.25,0.02,0.8,-1.0,-4.8,2.9
8,4.1,11.0,0.92,0.9883,0.14,0.61,0.7,1.4,0.2,2.6
2,4.1,10.0,0.86,0.9967,0.48,0.0,6.5,0.0,-4.2,3.2
5,3.5,9.0,0.91,0.9903,0.37,0.24,3.3,0.7,-4.8,4.1
7,6.4,16.0,0.92,0.9947,0.05,0.96,0.0,2.8,0.2,4.0
0,7.5,13.0,0.84,1.0068,0.46,0.0,6.5,3.3,1.7,6.9
7,8.0,15.0,0.85,1.0024,0.08,0.09,0.0,3.3,1.7,4.8
7,4.0,11.0,0.89,1.0053,0.1,0.02,0.0,2.6,-0.5,4.1
6,3.6,8.0,0.92,0.9976,0.11,1.07,0.0,1.7,-1.0,8.4
8,4.2,9.0,0.94,0.9925,0.1,0.63,0.0,6.8,1.2,10.1
8,3.3,7.0,0.98,0.9948,0.03,0.16,0.0,0.0,-1.1,1.3
7,4.6,11.0,0.91,1.0008,0.04,0.01,0.0,-2.0,-6.1,-1.1
